text,category,label,subset_label,model_wrong
[비품넷]#NAME님의 주문이 결제완료 되었습니다□주문번호 : #TRACKING□결제금액 : 9 900원이용해주셔서 감사합니다▷[비품넷] 바로가기 :#URL,credit,1,5/5,1.0
[Web발신][결제출금안내] #NAME #TIME 납입예정분 #ACCOUNT에서 49 013원 출금 예정입니다. ※실 출금일 : #TIME,credit,1,5/5,1.0
[경기지역화폐] 복지지원금 사용 안내  ■ 누적 사용금액 : 394260원 ■ 잔액: 5740원 ■ 사용기한 : #TIME 까지 ■ 사용 유의 사항 ※ 기한 내 미사용한 복지지원금은 자동 소멸되어  복구가 불가능합니다.  ※ 사용 기한 이후 결제 취소 시 복구되지 않고 소멸되어  재결제가 불가능합니다.  ※ 복지지원금은 계좌충전금(잔액)보다 우선 사용됩니다. ■문의- 복지지원금 고객센터 :#PHONE 비회원의 경우 아래 페이지에서 잔액 조회가 가능합니다. #URL,credit,1,5/5,1.0
[Web발신][마루사이버 독서실]#NAME 님이 [056]좌석으로#TIME ~ #TIME 등록 되었습니다.결제금액 : 340 000 원 입니다.출입비번 #PASSWORD /#PHONE,credit,1,5/5,1.0
분당서울대학교병원[진료(검사)비 수납 안내]■ 고객명 : #NAME■ 등록번호 : #ACCOUNT■ 진료(검사)일 : #TIME (수)※ 당일 예정된 진료(검사)비 결제는 무인수납기 또는 수납창구에서 결제가 가능합니다.※ 진료(검사)비 결제 후 추가 검사 및 처방이 있는 경우 추가금이 발생할 수 있습니다. /#ACCOUNT,credit,1,5/5,1.0
[Web발신](광고) [YES24북클럽] 북클럽 컴백하면 ★1OO％ 당첨★무제한 독서라이프!<예스24 북클럽>이바쁜 일상에서도 더 편리하게독서할 수 있도록 개편했어요.한층 더 업그레이드된 북클럽에서1개월 추가 혜택 받고다시 무제한 독서 시작해보세요!▷이벤트 대상 : 본 문자를 수신하신 북클럽 해지 회원▷이벤트 혜택 : 북클럽 1개월 이용권 (30일)▷참여방법① YES24 북클럽 방문하기② #OTHERS 요금제 또는 #OTHERS 요금제 재가입하면 자동 참여 완료!▶[다시 시작하고 1개월 이용권 받기]#URL  ※본 이벤트는 #TIME까지 진행됩니다.※이용권은 이벤트 기간 동안 재가입 (유료 결제 1회) 진행 시  문자를 수신하신 휴대폰 번호로 #TIME에 일괄 발송될 예정입니다.※본 이벤트는 이 문자를 수신한 고객만 참여 가능하며  이벤트 기간 내 #OTHERS 또는 #OTHERS 요금제 가입 시 1개월 이용권 증정 혜택이 제공됩니다. (FLO #OTHERS 요금제 가입 시 이용권 등록 불가)※이벤트 대상자가 아닐 시 이벤트 혜택을 받을 수 없습니다.※본 이벤트는 당사 사정에 의하여 변경 및 조기 종료될 수 있습니다./무료수신거부 #PHONE SMS/-,credit,1,5/5,1.0
[Web발신](광고)[오늘53%마감_엔구]♥#NAME님께 알려드리는 엔구의 특별선물 12개월 추가 할인 코드 증정오늘 53% 할인 종료 및 가격 인상 전 등록하세요!★모든 6개월 수강권 33% 할인★스탠다드  프리미엄 라이트  프리미엄 6개월 33% 할인!★모든 12개월 수강권 53% 할인★스탠다드  프리미엄 라이트  프리미엄 12개월 53% 할인!월 39 330원으로 영어회화 마스터!★오늘까지만 쓰실 수 있는 12개월 추가 할인코드★스탠다드 3만원 할인코드 [#PASSWORD]프리미엄라이트 5만원 할인코드 [#PASSWORD]프리미엄 10만원 할인코드 [#PASSWORD]전화문의> #PHONE엔구 홈페이지> #URL가격/결제 페이지> #URL감사합니다.무료거부 #PHONE인증 #PASSWORD /[오늘53%마감_엔구],credit,1,5/5,1.0
(광고)좋은사람들 멤버십#TIME이#NAME 님의 생일을 축하드립니다!좋은사람들 생일쿠폰으로 소중한 선물을 준비하세요♬▶생일혜택 : 10% 할인쿠폰▶유효기간 : 발행일로부터 30일 간▶사용처:1. 보디가드/예스/섹시쿠키/퍼스트올로/제임스딘 전문점(백화점 입점매장 일부 사용불가)2. 좋은사람들 온라인 쇼핑몰※쇼핑몰 바로가기 #URL▶사용방법:1. 오프라인 매장 제품 결제 시 회원정보 확인 후 생일쿠폰 적용2. 온라인 쇼핑몰 제품 결제 시 생일쿠폰 적용※정상제품 구매 시 사용가능(행사제품 제외)※타 쿠폰 및 포인트 중복 사용불가☎멤버십 문의 : #PHONE☎무료 수신거부 : #PHONE,credit,1,5/5,1.0
"[Web발신](광고) [전자랜드] 특별선정 3만원 쿠폰 증정안녕하세요 고객님.잘 지내고 계신지 안부 인사드립니다.특별 선정된 고객님께만 ""3만원 할인쿠폰""을 드립니다.■ 3만원 쿠폰 당첨(※ 본 문자 수신고객에 한함)* 당첨혜택 : 3만원 쿠폰 (10만원이상 구매시)* 사용기한 : #TIME~#TIME* 사용매장 : 전자랜드 오프라인매장 전점* 유의사항- 결제 전 본 문자를 제시해주세요.- 사용기한 내 미사용시 자동 소멸- 현금과 동일하게 사용 가능- 미사용 미리드림포인트 현금성 환원 불가※ 상세 문의는 매장 전문 상담사에게 연락해주시기 바랍니다.문의 : #PHONE무료수신거부 : #PHONE /[전자랜드] 특별선정 3만원 쿠폰 증정",credit,1,5/5,1.0
[Web발신]* 쿠폰 미사용 고객님께 재발송 드립니다. 유효기간 내 사용하여 주시기 바랍니다.＊상품명칭 : GS칼텍스 세차할인쿠폰 3000원(5회)＊쿠폰번호 : #TRACKING＊유효기간 : ~#TIME 까지＊사용가격 : 15 000 원＊사용제한 : ＊주의사항 : (1) 본 쿠폰을 주유/충전과 함께 이용 시 주유/충전비 결제 완료 후 세차쿠폰 제시(2) 외부 세차 승용 기준으로  유효기간 이내 1인 1일 1매 사용(3) 세차결제(세차쿠폰 포함)는 GS&POINT 적립 및 사용 불가(4) 쿠폰의 현금 교환 및 타인 양도 불가(5) 동일쿠폰 및 타 쿠폰과 중복사용 불가＊사용처 : GS칼텍스 지정 주유소/충전소 (일부 사업장 제외)＊쿠폰 사용 및 지점 문의 : #PHONE /제목없음,credit,1,5/5,1.0
[Web발신][결제출금안내]#NAME #TIME 납입예정분 #ACCOUNT에서 376 452원 출금 예정입니다.※실 출금일 : #TIME,credit,1,5/5,1.0
[Web발신]   콘텐츠이용료(Google) [결제]    * 가격 : 10 450 원  * 상품명 : YouTube Premium  * 주문번호 : #TRACKING  * 구매일시 : #TIME  ▶'미리납부’ 방법과 ‘이벤트’ 확인하기  #URL ▶ 상품구매관련 문의는 판매자  GOOGLE (#URL)  으로 연락주세요  ▶ Google Play 결제취소 문의: #PHONE(평일 #TIME) 또는 #URL ▶ YouTube Premium 결제취소 문의: #URL /구글 Play스토어 결제내역,credit,1,5/5,1.0
[Web발신](광고)[SKT] SKT 콘텐츠 월드 혜택을 안내#NAME 고객님 안녕하세요.게임 웹툰 YouTube 혜택이 가득한 SKT 콘텐츠 월드 혜택 안내드립니다.■ SKT 콘텐츠 월드 혜택 안내- 결제 기간: #TIME- Welcome 혜택: 구글 콘텐츠 이용료 5천 원 이상 결제 시 5천 원 청구 할인- 게임 혜택: 할인 대상 구글 플레이 앱에서 <SK Telecom 결제> 시 최대 10% 청구 할인- 웹툰/웹소설 혜택: 할인 대상 구글 플레이 앱에서 <SK Telecom 결제> 시 최대 20% 청구 할인- YouTube Premium 혜택: YouTube Preimum을 구글 <SK Telecom 결제> 시 3천 원 청구 할인▶ 자세히 보기: #URL ※ 유의 사항- 이벤트 페이지에서 <참여하기>를 눌러야 할인 혜택을 받을 수 있습니다.- 할인 금액은 #TIME에서 확인하실 수 있습니다.- 휴대폰 결제 이용 동의를 취소할 경우(서비스 해지 명의변경 이용 차단 등) 할인 혜택을 받으실 수 없습니다.- 결제를 취소할 경우 할인 혜택을 받으실 수 없습니다.■ 문의: SKT 고객센터(#PHONE 무료)SKT와 함께해주셔서 감사합니다.무료 수신거부 #PHONE /[SK텔레콤] SKT 콘텐츠 월드 혜택을 안내드립니다.,credit,1,5/5,1.0
[Web발신]안녕하세요. kt M 모바일 입니다. #TIME 개통 사은품으로 펫프렌즈 할인쿠폰 증정 드립니다. ■ 반려동물 1등 쇼핑몰 펫프렌즈 1만원 할인쿠폰 - 쿠폰코드 : #PASSWORD - 할인쿠폰 유효기간 : #TIME ■ 할인쿠폰 사용하러 가기 : #URL ■ 할인쿠폰 사용 방법 - 상품선택 > '장바구니 담기' 클릭 > '구매하기' 클릭 > '주문 쿠폰' 클릭 > 코드 입력 > '쿠폰발급' 클릭 ■ 유의사항 - 본 쿠폰은 3만원 이상 결제 시 1만원 할인이 적용됩니다. - 본 쿠폰은 펫프렌즈 앱(APP)에서 회원가입 후 사용 가능합니다. - 본 쿠폰은 계정 당 1회 한정  타 쿠폰 및 할인과 중복 적용되지 않습니다. - 본 쿠폰은 주문 결제 시 적용 가능하며  쿠폰함에 보관이 불가합니다. - 쿠폰 사용에 대한 문의사항은 펫프렌즈 고객센터(#PHONE)로 문의바랍니다. ★잠깐★ 엠모바일 친구초대  사용후기 등을 통해 푸짐한 선물도 받아가세요! * 친구초대 가기   #URL * 사용후기 가기   #URL kt M 모바일을 이용해 주셔서 감사합니다. /[kt M 모바일] 반려동물 1등 쇼핑몰 펫프렌즈 1만원 할인쿠폰,credit,1,5/5,1.0
[Web발신][#TIME 자동차 탄소포인트제 최종실적 등록 안내] #TIME 자동차 탄소포인트제 최종 실적 등록에 대해 안내드립니다. - 기간 : #TIME ~ #TIME #TIME      ※기간 내 미등록 시 인센티브 산정 대상에서 제외※ - 제출 사진 : #OTHERS이 보이는 차량 앞면  누적주행거리(ODO)가 표시된 계기판 - 제출 방법 : #PHONE 문자 메세지 내의 #URL을 통한 즉시 촬영 및 주행거리 입력 후 제출 ★ 제출하신 사진 등록 확인은 #URL에 재접속하시면 “사진등록완료” 로 확인할 수 있습니다. ★ 사진등록 2주안에 검증하여 “승인” 또는 “반려” 문자를 보내드리오니 참고하시기 바랍니다. 사진등록 URL :  #URL ＊문의전화가 많아 통화가 어려울 수 있으니 양해 부탁드립니다. ＊인센티브 지급 일정 및 자세한 사항은 공지사항 참고 부탁드립니다.   공지사항 URL : #URL /자동차탄소포인트 최종실적 등록,credit,1,5/5,1.0
[Web발신]야놀자 예약이 완료되었습니다.*예약주문 : #TRACKING*예약일 : #TIME*실 결제금액 : 40 000 원*고객명 : #NAME 님고객님은 구매 리워드 응모 대상자로  지금 바로 신청 가능합니다.신청하러 가기>> #URL※ 응모조건 :  1. 마케팅 3종 수신동의(구매 예약정보 Push 알림  이벤트 혜택 Push 알림  개인정보 수집 및 이용동의(선택)) 및 밀크 계정 연동 완료  2. 이벤트 응모 대상 상품은 #TIME 기간 내 사용완료/체크아웃 필수  3. 본 주문 취소 시 자동으로 응모가 취소되며  취소 당일에는 재주문 시에도 응모가 불가합니다.※ 응모 가능 기간 : 예약일 23:59 까지 응모 가능※ 응모 후 혜택 지급일 : 대상 상품 사용완료/체크아웃 후 3영업일 이내 지급※ 유의사항  -  레저/티켓/모바일교환권/렌터카 상품은 사용 처리 완료 알림톡 또는 LMS 수신 시점에 사용완료 처리됩니다. 단  제휴사에 따라 메시지 수신이 지연되는 경우 실 사용일 기준으로 페이백 지급이 이루어지며  관련 사항은 고객센터로 문의 주시기 바랍니다.   - 실 결제금액은 상품의 총 판매금액에서 포인트  쿠폰  제휴사 할인 등 기타 할인을 모두 제외한 금액을 의미합니다.[M1],credit,1,5/5,1.0
[SKT] 휴대폰 결제가 실패되었습니다. - 요청 일시 : #TIME - 요청 사이트 : TQ Game[#PHONE] - 요청 금액 : 500 000 - 결제 대행사 : 모빌리언스[#PHONE] - 실패 사유 : [이번 달 이용한도 초과] ※ 이용금액을 선결제하면 즉시 이용한도가 복원됩니다. ▶ 이용한도 변경 바로가기 : #URL ▶ 선결제 바로가기 : #URL ♣ [이번 달] 이용 내역 안내 - 사용가능 금액 [300 000] 원 - 누적사용 금액 [29 975] 원 - 잔여 사용가능 금액 [270 025] 원 ※ 온라인 쇼핑몰에서 일부 금액만 취소하는 경우 일시적인 한도 초과로 결제가 실패될 수 있습니다. 이 경우 해당 사이트 또는 결제 대행사로 문의해주시기 바랍니다. ※ 다회선 이용고객의 경우 [잔여 사용가능 금액]이 다를 수 있습니다. /휴대폰 결제 실패 안내,credit,1,5/5,1.0
[Web발신](광고)(에듀윌) ※ 시험까지 D-67 #TIME #공인중개사#빠른시작#쉬운합격#얼리버드♥합격하고 제주도 가자♥ 100%당첨 경품추첨▶오늘 마감◀ #TIME #TIME[100%환급 평생패스]※#TIME까지 최종합격하면 결제금액 그대로 [100%전액 환급]※할인쿠폰21만원+★특별할인★※70만원 상당 라이브클래스※36만원 상당 공인중개사 시크릿 노트+특강※6만원 상당 민법 조문&용어집+특강※15만원 상당 전국실전모의고사 6회분+해설강의★합격은 에듀윌입니다★▶6년간 합격자 수 1위▶12년간 베스트셀러 1위▶합격 후 성공까지 함께하는 업계 최대 규모 동문회★역대급 할인 받고 지금!! 시작하세요에듀윌평생패스(#URL)☎합격상담 :#PHONE무료수신거부 #PHONE,credit,1,5/5,1.0
[Web발신] FROU blog #NAME님의 주문이 완료되었습니다. * 구매자 전화번호 : #PHONE * 주문일자 : #TIME * 상품명(수량) : [FROU X MyHabit] 100% 이탈리아산 모로오렌지 3無 클렌즈(1개) / 구성:옵션02) 클렌즈 2박스 (하드 4일 플랜)  (총 1개)  * 결제금액 : 71 800원 * 배송지 : #ADDRESS * 환불조건 :  * 주문취소/배송조회 : #URL 기타문의 : #PHONE 판매자의 채널 안내 : #URL /FROU blog,credit,1,5/5,1.0
광고) [띵동] 프리메라가 알려드립니다. ？ 기다리고 기다리던 클렌징오일이 업그레이드가 되서 돌아왔습니다! ？ ▶신제품15% 할인받기! ▶네이버기획세트 ？ 중복증정! ？ *메모란에 ''행사''라고 적어주세요 ？ 현대백화점 중동점 오일투폼클렌저 (안심링크)？ ▶구매바로가기▼▼▼ #URL ====================== ？ *행사기간:#TIME까지 *사은품 소진시 행사 종료 *1인1회 / 한정수량. *전화주문 및 비대면결제 *택배발송 가능 *문자 수신고객에 한함. (문자제시해 주세요.) *포인트구매 및 기획세트 제외행사 *무료수신거부 : #PHONE /[제목없음],credit,1,5/5,1.0
[Web발신]#NAME 안녕하세요! 본 메시지를 받은 제로페이 가맹점은 <#ADDRESS> 사용처임을 알려드립니다. 고객이 방문하여 중식지원 바우처로 결제할 수 있도록 <제로페이 QR키트>를 잘 보이는 곳에 놓아주세요. ■ 사전 준비사항  - 계산대에 <제로페이 QR키트>를 놓아주세요.  * 분실/파손으로 인해 고객센터에 재발급 요청 시  스티커형 QR 발송 ■ 사용처  #ADDRESS  베이커리  음식점 중 지정된 제로페이 가맹점 ■ 결제품목  식·음료/베이커리 ■ 중식지원바우처란? (링크 : #URL) ■ 문의 : 제로페이 고객센터 #PHONE (평일 #TIME) /#ADDRESS 사용처 안내,credit,1,5/5,1.0
[Web발신]   콘텐츠이용료(Google) [결제]    * 가격 : 3 200 원  * 상품명 : Premium User - 1 Month (Translate voice - Translator)  * 주문번호 : #TRACKING  * 구매일시 : #TIME  ▶'미리납부’ 방법과 ‘이벤트’ 확인하기  #URL ▶ 상품구매관련 문의는 판매자  #NAME  (#EMAIL)  으로 연락주세요  ▶ Google Play 결제취소 문의: #PHONE(평일 AM9~PM6) 또는 #URL ▶ YouTube Premium 결제취소 문의: #URL /구글 Play스토어 결제내역,credit,1,5/5,1.0
"[Web발신](광고)[캐롯] 퍼마일 가입이벤트 안내안녕하세요  #NAME님입니다. #NAME님의 자동차보험 만기일이 곧 다가와요!(만기일:#TIME)매월 탄 만큼(특약) 내는 퍼마일 자동차보험을 경험해보세요! ■ #NAME님께 드리는 한정 혜택! - 기간: #TIME! - 방법: 아래 ""링크주소""를 통해 신규 가입 시   ☞ #URL  - 혜택: 신세계모바일상품권 최대 3만원   (단  지급조건에 따라 상이) - 제공 시기: 익월 말■ 지급 조건1) 신차·신규에 한하여 제공 (갱신 제외) ㆍ신차: 신차 또는 중고차 구매 후 본인명의로 최초등록한 차량 ㆍ신규: 현재 타보험사 자동차보험에 가입 중인 차량 2) 연 30만원 이상 결제 계약에 한해 제공 (차량이 2대 이상인 경우 혜택 각각 적용)3) 타 가입 이벤트 및 결제 혜택과 중복 적용되지 않으며  총 혜택은 계약당 최대 3만원을 초과할 수 없음 ㆍ최근 10개월 내 캐롯손해보험 자동차 보험료 확인 이벤트 참여이력이 있는 경우 2.5만원권 / 없는 경우 3만원권4) 발송 시점에 정상계약으로 유지된 건에 한해 제공 5) 본 문자에 안내된 ""링크주소""로 접속하여 가입 완료시에만 참여 인정6) 피보험자의 #PHONE로 개별 발송 ■ 알아두실 사항 - 이 보험계약은 예금자보호법에 따라 예금보험공사가 보호하되  보호 한도는 본 보험 회사에 있는 귀하의 모든 예금보호대상 금융상품의 해약환급금(또는 만기시 보험금이나 사고보험금)에 기타지급금을 합하여 1인당 최고 5천만원이며  5천만원을 초과하는 나머지 금액은 보호하지 않습니다.(다만  보험계약자 및 보험료 납부자가 법인이면 보호되지 않습니다.) 보험 계약자가 기존에 체결했던 보험계약을 해지하고 다른 보험계약을 체결하면 보험인수가 거절되거나  보험료가 인상되거나  보장내용이 달라질 수 있습니다. 또한  지급한도  면책사항 등에 따라 보험금 지급이 제한될 수 있습니다. 보험계약 체결 전 상품설명서 및 약관을 읽어보시기 바랍니다.   * 본 문자는 마케팅 활용 동의 고객 대상으로 발송하였습니다. * 문의 및 상담 : #URL * 무료수신거부  : #PHONE * 심의필-제2022-202034-자체(#TIME) /(광고)[캐롯] 퍼마일 가입이벤트 안내",credit,1,5/5,1.0
[Web발신](광고) [우리은행] [상품안내] #NAME 고객님! 커피 6잔이 곧 사라져요T^T ▶[100% 경품] 스타벅스 아메리카노(T) 6잔 받는 법!  - #TIME 로그인 ☞ 3잔  - #TIME 로그인 ☞ 2잔  - 연 3.7% 특판 적금 가입 ☞ 1잔 ※단  #TIME 경품을 받으시려면 #TIME 로그인 필수 ▷대상: 본 문자를 우리은행으로부터 수신한 고객 중 로그인 또는 특판 적금 가입한 고객 (마케팅/SMS 수신 동의 필수) ▷기간: #TIME(수) ~ #TIME(금) ▶ 로그인 및 상품가입: #URL ▷ 승인번호: #PASSWORD ※우리WON뱅킹 로그인하면 참여 완료! 별도 응모과정이 없어요! ※상품은 10만원 이상 신규  자동이체등록 #TIME기준 적금 유지 필수 ▶#TIME 로그인 경품발송일: #TIME(수) ▶#TIME 로그인/특판 적금 경품발송일: #TIME 중  ※우리WON뱅킹 해지시 당첨에서 제외됩니다 ※우리은행에서 진행하는 다른 이벤트 혜택과 중복시  가장 큰 경품으로 1회 지급됩니다 ※연락처가 부정확하여 경품 발송이 어려울 경우 당첨이 취소될 수 있으니  우리은행에 등록된 고객정보를 확인해주시기 바랍니다 ※경품 당첨 고객에 한해 고객정보가 위수탁업체 (주)쿠프마케팅에 제공되며  경품 발송 후 고객 정보는 파기됩니다 ※경품은 우리WON뱅킹 쿠폰함에 적립되며 유효기간은 60일로 연장  환불  재발송이 불가합니다 ※이 예금을 가입하기 전에 상품설명서 및 약관을 읽어보시기 바랍니다 ※이 예금은 예금자보호법에 따라 예금보험공사가 보호하되  보호한도는 본 은행에 있는 귀하의 예금보호대상 금융상품의 원금과 소정의 이자를 합하여 1인당 최고 5천만원이며  5천만원을 초과하는 나머지 금액은 보호하지 않습니다 ※이 예금의 이자는 만기일시지급식으로 고객의 만기 또는 중도해지 요청시 지급되며  해지시 압류  가압류 등 은행이 정하는 사유에 따라 원금 또는 이자의 지급이 제한될 수 있습니다 ※문의는 우리은행 컨시어지영업2부(#PHONE 평일09:00~17:00)로 바랍니다. ※ #TIME 준법감시인-9023 심의필 (유효기간 : #TIME ) (무료)수신거부 #PHONE 작성기준일:#TIME /★오늘 마지막!★ 스타벅스 6잔 드려요!!,credit,1,5/5,1.0
[Web발신][한국씨티은행]#NAME 고객님 #TIME 한국씨티은행은 소비자금융 업무를 단계적으로 폐지하기로 결정하였습니다. 고객님의 안전한 금융생활을 위해 사용하지 않는 계좌가 있는지 확인하세요. 금융결제원 어카운트인포에서 쉽고 편리하게 확인하실 수 있습니다.▶ 어카운트인포 바로가기 #URL - 모든 은행 예금 계좌 한 눈에 조회 - 잔액이 100만원 이하인 1년 이상 입출금 거래가 없는 원화 계좌인 경우 계좌해지 및 이용 중인 은행의 계좌로 이체 가능 - 어카운트인포 앱을 통한 계좌 해지시 인증(바이오/공동/금융 택1) 필요▶ 어카운트인포 이용방법 (동영상 안내) #URL ▷ 소비자금융 업무 단계적 폐지에 따른 은행 이용자 보호 계획 #URL  준법감시인 심의필 #OTHERS /안전한 금융생활,credit,1,5/5,1.0
[Web발신][T우주] <우주패스 standard> 이용 안내 #NAME 고객님  안녕하세요. 내일부터 <우주패스 standard>의 새로운 이용기간이 시작됩니다. T우주와 함께해 주셔서 감사합니다. (결제 금액: 0원)■ 문의: T우주 고객센터- #PHONE(무료)- 다른 통신사 휴대폰에서 #PHONE(유료) 나만의 구독 유니버스  T우주,credit,1,5/5,1.0
[Web발신](광고)안녕하세요. #OTHERS입니다. 한국잠사 플레이참 #TIME 한정 이벤트 (#TIME- #TIME) 1. 선착순 100명 정가 9 000원 상당 잠사플레이팜 누에 스티커색칠북(워크북) 증정 (소인만 지급) 2. 선착순 100명 3인 가족 당 1개 다육이테라리움만들기체험권 증정. - 내부 사정에 의해 이벤트가 조기 마감될 수 있습니다. 1. 잠사 산업의 역사를 간직한 한국잠사박물관 관람 2. 어디서도 볼 수 없는 뽕잎먹는 누에 관찰 3. 양떼가족과 양치기 콜리 희귀 조류 연못을 헤엄치는 비단잉어 토끼 기니피그 등 작은 소동물원이 있는 양떼 정원(먹이체험가능) 4. 바베큐 취사가 가능한 힐링 숲속 피크닉존(유료 현장결제) 5. 요즘 인기 키트 만들기 키트 체험 6. 다시돌아온 최대 30m 길이의 스릴넘치는 스피드씽씽레일 사계절썰매장 ! 7. 디지털 모션인식기구들이있는 키즈카페 초특가 PKG 1. -박물관관람+양떼정원관람+씽씽레일코스터+누에관찰+ 디지털키즈카페 + 물놀이장 (#TIME부터 #TIME까지 축소이용) 정상가 26 900원 1차 7 900원 2차 8 900원 3차 9 900원 (1~3차 각각 선착순 1 000매) 유효기간: #TIME까지 주소: #ADDRESS 한국잠사박물관 *잠사박물관 홈페이지 #URL 판매링크: #URL 문의: #PHONE *운영시간 매일 : #TIME (입장마감 #TIME) 매주 월요일 휴관 ※ 특가상품으로 구매 후 취소 환불 불가 ※ 모든상품은 대인 소인 주중 주말 공통 ※ 24개월 미만 유아는 성인1명 결제 시 유아 1명 무료(증빙서류 필수) 동물과 온몸으로 교감하고 환상의 디지털세계에서 뛰노는 티놀자애니멀파크로 초대합니다! 이색동물체험관(파충류+조류체험+거북이체험) 작은 아쿠아리움+ 숲속빌리지체험(기니피그 염소 토끼 원숭이) + 미니키즈카페(모션인식기구+ 증강현실체험관) +꽃이있는 정원체험 정상가 13 000원 특가: 7 000원 선착순 1 000매한정 ※24개월 미만은 증빙서류 지참시 무료 주소: #ADDRESS 판매링크: #URL 문의 : #PHONE/#PHONE *운영시간 매일 : #TIME (입장마감 #TIME) 평일 휴관 무료거부 #OTHERS /(광고)안녕하세요. #OTHERS,credit,1,5/5,1.0
[Web발신] #NAME 고객님 안녕하세요~렌탈 EASY-K입급금액: 26 900원은행:국민은행전용계좌번호:#ACCOUNT렌탈료가 결제되고 있지 않습니다.빠른입금 부탁드립니다.ㄴ 결제정보 변경된 경우 당사로 연락주셔서 변경 부탁드립니다.고객센터 : ☎ #PHONE업무시간 :(#TIME)(주말/공휴일 휴무)감사합니다.,credit,1,5/5,1.0
[Web발신](광고)(에듀윌) 경찰 2차 면접반 오픈 사전등록 혜택시험 마친 여러분 고생하셨습니다.이제는 면접을 준비하실 시기입니다.(#TIME는 설명회 당일 마감 조기마감 주의)*접수 시 인사법 사전조사서 작성법 강의즉시제공★사전등록 할인 혜택★#TIME■ 결제가: 60만원(5만원 할인가)■ #NAME 월수금반: #URL■ #NAME 화목토반: #URL■ #NAME 면접캠프: #URL※ 조기마감 주의★#TIME 면접 설명회 안내■ #NAME(#TIME): #URL■ #NAME(#TIME): #URL※문의: #URL (카톡플친)감사합니다.무료수신거부 #PHONE /[에듀윌] 경찰 2차 면접반 오픈,credit,1,5/5,1.0
[KB증권] 거래 약관 안내개설하신 계좌에 대한 상품별 약관을 미리 숙지하시기 바랍니다.(*KB증권 온라인 매체에서 로그인하여 약관승인 절차 등 완료 후 거래 가능) ▶ 상품별 약관보기 바로 가기#URL업무문의 : #OTHERS /제목없음,credit,1,5/5,1.0
[넘버즈인] #NAME님의 주문이 결제완료 되었습니다□주문번호 : #TRACKING□결제금액 : 55 040원항상 고객님의 피부고민을 함께 고민하는 브랜드가 되겠습니다.이용해주셔서 감사합니다.▷[넘버즈인] 바로가기 :#URL,credit,1,5/5,1.0
[Web발신][결제출금안내] #NAME님 #TIME 납입예정분 #ADDRESS에서 47 474원 출금 예정입니다. ※실 출금일 : #TIME,credit,1,5/5,1.0
[Web발신]안녕하세요. 고객님. SK국제전화 올패스(All-pass)요금제 이용에 따라 모바일상품권 혜택을 드립니다. [SK올패스(All-pass)요금제 혜택 = 1만원(VAT별도)/월 부과+#OTHERS 합산 300분+모바일상품권]  - 월 과금기간 중 국제전화 이용시 5천원 상품권 지급 - 월 과금기간 중 국제전화 미이용시 1만원 상품권 지급 (#TIME 유효. 이후 5천원 상품권 지급)   ☞오직  SK국제전화 고객님께만 드리는  한패스 해외송금 제휴 혜택 안내 앱 가입 시 송금 수수료 할인 쿠폰 100% 지급! ▶앱 다운로드 : #URL *회원가입시 추천코드에 반드시 #OTHERS을 입력해야 합니다.  *가입 후 추가정보 입력 단계까지 완료해야 쿠폰이 지급됩니다. *쿠폰은 내 정보 → 내 쿠폰함에서 확인 가능합니다. ☎한패스 쿠폰 문의: 한패스 고객센터(#PHONE) 평일: #TIME까지(주말은 #TIME/법정공＊상품명칭 : [SK주유] SK모바일 주유권 1만원＊쿠폰번호 : #OTHERS＊유효기간 : #TIME~#TIME＊사용가격 : 10 000 원＊유의사항 - 1매/일 사용 가능합니다. - SK주유소 및 충전소에서 결제 전 주유원에게 보여 주시기 바랍니다. 본 모바일쿠폰은 기업 프로모션용 무상제공 쿠폰으로 유효기간 연장 및 환불 대상이 아닙니다.＊주의사항 - 일부 주유소 및 일부 충전소 제외 - 주유소 및 충전소당1회1매 사용 가능 - 기업 경품/사은품 등의 기프티콘은 현금교환/잔액환불 및 기간연장이 불가합니다. ＊사용처 : 전국 SK주유소 및 충전소 사용 가능 주유소 확인→#URL ＊문의전화 : #PHONE /[SK국제전화],credit,1,5/5,1.0
[Web발신][SKT] 휴대폰 결제가 실패되었습니다. - 요청 일시 : #TIME - 요청 사이트 : #OTHERS - 요청 금액 : 2 000 - 결제 대행사 : #OTHERS - 실패 사유 : [휴대폰 결제 이용동의] 미가입 온라인/모바일 쇼핑몰 #OTHERS 등 다양한 사용처에서 휴대폰 결제 서비스를 이용하기 위해서는 [휴대폰 결제 이용동의]를 신청해 주셔야 합니다. [휴대폰 결제 이용동의]는 ARS 또는 #OTHERS를 통해 신청 가능합니다. ▶ARS : #PHONE (통화료 무료  본인 휴대폰에서 이용 가능) ▶T world 바로가기 : #URL /휴대폰 결제 실패 안내,credit,1,5/5,1.0
&lt;결제 승인완료&gt;#TIME인증:#PASSWORD 완료결제금액:953 830원배송문의 #PHONE,credit,1,5/5,1.0
[Web발신][KT알파 쇼핑]서비스 미이용에 따른 개인정보분리보관안내안녕하세요 KT알파 쇼핑입니다.#NAME님께서는 장기 미이용에 따라 고객님의 개인정보보호를 위해 아래와 같이 분리보관 진행할 예정입니다.▶분리보관예정일 : #TIME▶분리보관되는 개인정보 항목 : 기본 배송지주소  결제정보  구매정보▶삭제되는 개인정보 항목 : 기타 배송지  환불계좌정보  유선전화번호  광고성정보 수신동의※ 분리보관 시 삭제되는 개인정보는 향후 재사용신청을 통해 복구 시 재등록 또는 재동의가 필요한 정보입니다.[개인정보 분리보관관련 안내사항] 1.분리보관을 원치 않으시는 경우 #TIME 이전에 KT알파 쇼핑에서 로그인 또는 고객센터로 전화연락을 주시면 됩니다.2.개인정보가 분리보관되는 경우 회원자격이 정지되고  4년간 보관후 파기되며  파기전에 재사용 신청시 회원자격은 복원됩니다.3.개인정보 파기시 보유하신 적립금  쿠폰은 소멸됩니다.4.개인정보 분리보관시 보유하신 알파포인트 유효기간은 그대로 유지됩니다. 단  개인정보 분리보관 기간 중 유효기간 도래시 알파포인트는 별도의 소멸예정 안내없이 소멸되며  소멸된 알파포인트는 복원되지 않습니다.5.개인정보 분리보관 중 개인정보를 복원하실 경우 보유하신 알파포인트는 자동 복원처리 됩니다. 단  복원 시점에 남아있는 유효기간 내 사용하실 수 있으며  유효기간은 연장되지 않습니다.6.알파포인트는 소멸 시 환불이 불가능합니다.7.다만  관계법령에 의해 보관해야 하는 정보는 법령이 정한 기간 동안 보관 후 파기합니다.[장기 미이용자의 개인정보 분리보관에 관한 문의처]▶KT알파 쇼핑 고객센터 : #PHONE▶업무시간안내 : #TIME  연중무휴※ 본 문자는 개인정보보호법 제39조의 6에 따라 법적으로 필수 안내되는 사항으로  광고성 정보 수신동의 여부와 관계없이 발송되었습니다. /장기미이용고객 사전고지,credit,1,5/5,1.0
[Web발신](광고)오아시스마켓(혜택안내)★ 쿠폰 선물 1만원 보내드렸습니다오늘밤 #TIME까지 쿠폰 혜택 적용(새벽배송 전용쿠폰/예약 배송 가능/5만원 이상 구매시 사용가능)#URL▶ 한가위 선물전[추석선물 마음전송]전화번호 입력하고 새벽배송으로 선물하기더보기 #URL홍삼정 진한스틱(10mlx30포) 45 000원 53%↓미인의 석류홍삼콜라겐(30포x3박스) 88 000원 63%↓태평양참치세트(150gx12입) 38 000원 18%↓무항생제 순한햄세트(200gx9입) 30 000원 25%↓▶ 오늘의 특가햇사레 복숭아(1.8kg/5~6입내외) 13 200원 43%↓무농약 제주산 풋귤(1kg) 2 560원 62%↓자두(500g내외) 4 096원 37%↓우리 한우 진한곰탕(600g) 2 500원 58%↓고기손만두(530g) 4 800원 26%↓맛있는집밥 김치찌개(500g) 5 100원 25%↓애슐리 토핑듬뿍 로제떡볶이(800g) 11 900원 14%↓초코 오징어(2미/350g) 6 000원 15%↓화식한우 등심 구이용(300g) 26 800원 43%↓새우살(300g냉) 6 900원 30%↓우리밀 노릇노릇 부침가루(500g) 2 640원 20%↓러브크런치 다크초콜릿&피넛버터(325g) 8 590원 13%↓라이스 크로아상 생지(70gx4개) 8 900원 25%↓유기양파즙(100mlx30포) 23 000원 30%↓유기농 도라지배 농축액(220g) 19 580원 49%↓▶ 알뜰 장보기 혜택유기가공식품 특별전(유기가공식품 구매시 20% 할인쿠폰)찬들마루 온라인 장터(찬들마루 상품 구매시 20% 포인트 적립)대한민국 수산대전(오아시스 파격할인+20% 추가할인쿠폰)대한민국 동행세일(소상공인 온라인장터 상품 구매시 30% 할인쿠폰)추석맞이 대한민국 농할갑시다(오아시스 파격할인 20% 즉시 할인쿠폰)네이버페이(5만원 이상 결제시 2천원 포인트 적립)▶일부 품목은 조기품절 또는 변경될 수 있습니다 무료수신거부 #PHONE,credit,1,5/5,1.0
[Web발신]#NAME 님이 퀸알바에서 유료결제를 하셨습니다.문의사항은 언제든 고객센터로 연락주세요. /퀸알바에서 알려드립니다,credit,1,5/5,1.0
안녕하세요.[클린선거시민행동] 입니다.#TIME 이 [2000원]이 결제 실패 되었습니다.감사합니다.,credit,1,5/5,1.0
[SKT] 휴대폰 요금 미납안내 #NAME 고객님 안녕하세요.고객님께서 사용 중이신 #PHONE번 휴대폰 요금에 대한 미납안내입니다.1. 미납금액 : 30 030원 2. 고객님만을 위한 입금전용계좌 안내▶카카오뱅크 : #ACCOUNT▶농협 : #ACCOUNT → 위 입금전용계좌로 간편송금 납부를 원하시면 아래 링크를 눌러주세요. #URL. 실시간 즉시 요금납부 안내▶휴대폰에서 1575(통화료 무료)로 연결하시어 < 3.즉시 요금납부 → 1.은행 계좌이체 >를 누르시면 결제 가능(단  신협 제외)※ 통합청구를 신청하신 고객님께서는 납부하고자 하는 번호의 입금전용계좌를 확인하시고 납부 부탁드립니다.  ※ 휴대폰 요금 납부완료 후 안내메시지를 받으신 고객님께서는 양해 부탁드립니다. 오늘도 행복한 하루 보내세요. /[SKT] 휴대폰 요금 미납안내,credit,1,5/5,1.0
[Web발신][스페이스클라우드] 예약 완료 안내 [#ADDRESS] 비비엘 스튜디오  D홀의 예약이 최종 완료되었습니다. * 변경사항이 있는 경우  반드시 호스트에게 알려주세요! * 예약날짜: #TIME * 예약시간: #TIME * 예약인원: 1명 * 결제금액: 6 000원 * 호스트 연락처 : #PHONE * 공간정보 및 길찾기: #URL /@스페이스클라우드,credit,1,5/5,1.0
[Web발신][티몬] 티몬캐시/적립금 소멸 예정 안내보유하신 티몬캐시/적립금이 #TIME이내 소멸될 예정입니다.▶소멸예정금액- 티몬캐시 : 0원- 티몬적립금 : 2 000원지급 건 별로 소멸예정일이 상이하니 상세내역은 '마이티몬 > 티몬캐시/적립금'에서 확인 부탁 드립니다.(#TIME부터 결제 시 보유 적립금 100% 사용 가능),credit,1,5/5,1.0
[검사예약안내]■ 검사일정#NAME님(등록번호 : #IDNUM) #TIME Bone Scan 검사예약 [검사 발행 진료과 : 통증센터]■ 가셔야할 곳#ADDRESS 접수※ 진료비 한번결제 시스템을 시행하오니 진료/검사/치료 먼저 받으신 뒤 꼭 당일 수 납 후 귀가하시기 바랍니다.※ 검사 안내문을 받으신 경우  금식 등 검사 주의사항을 꼭 확인한 후 내원해주십시오. 검사 주의사항이 지켜지지 않은 경우 당일 검사 진행이 어려울 수 있습니다.※ 아래 ★준비사항 꼭 눌러보기★를 클릭하시어  검사 준비사항을 확인해주십시오. ■ 검사 취소 및 변경 #PHONE /#ADDRESS,credit,1,5/5,1.0
[Web발신]#NAME 학생의 수강 시작 일은 매월 #TIME 입니다.원활한 수업 진행과 양질의 교육컨텐츠를 위해 <매 전월 #TIME> 선결제를원칙으로 하고 있습니다. 납부 부탁 드리겠습니다. 감사합니다. 블룸매쓰-결제하기:#URL,credit,1,5/5,1.0
[Web발신](광고)■LG베스트샵 #ADDRESS 아이폰14 사전예약■안녕하세요. 고객님  전국 1등 매장LG전자 베스트샵 #ADDRESS 입니다. 아이폰14 사전예약이 #TIME 남았습니다!^^#TIME■사전예약 사은품 안내■● SKT : 3in1 무선 충전기 (아이폰 애플워치 에어팟 동시충전 가능)● KT  LG U+  자급제 : 맥세이프 충전기+고속충전기   통신사향  자급제 모두 구매 가능하시며 LG전자 맴버십 포인트 사용은 자급제만 가능합니다. 혼수 구매하시며 포인트 적립 받으신 고객님께서는 선물용으로 자급제 구매해보세요^^(*LG전자 멤버십P 사용가능-자급제만 가능)자급제 예약 시 구매금액의 50% 선결제 필요한점 양해 부탁드립니다. 최고의 혜택과 서비스를 #ADDRESS에서 받아보세요!!☎ 아이폰14 사전예약 문의 ☎▶유선 : #PHONE▶온라인 : #URL언제나 친절하고 믿고 맏길수 있는 #ADDRESS 매니저가 되도록 하겠습니다.금일 하루도 좋은하루 되세요! 감사합니다.※ 저희 매장은 야간무인매장 운영 중입니다. 야간무인매장 알아보기 ☞ #URL#ADDRESS #PHONE무료수신거부 #PHONE /(광고)아이폰14 사전예약,credit,1,5/5,1.0
[Web발신]#NAME 패널님  CU 편의점에 방문할 예정이시라면  아래 평가 사이트에서 조사 가능한 편의점 확인 후 방문해 주세요 :)현재 진행중인 GS25 편의점 조사와 중복으로 참여 가능하니 많은 참여 부탁드립니다. (단  CU는 조사기간 내 1번만 참여 가능)자동으로 문자가 오지 않는 경우를 대비하여 종이 영수증을 꼭 챙겨 주세요!■ CU 평가사이트 : #URL■ #NAME님 로그인아이디 : #ACCOUNT(패널 본인만 참여하실 수 있습니다. 타인과 공유는 불가합니다.)■ 사례금 : 매장 1곳당 1 500원■ 소요시간 : 매장 1곳당 5분■ #TIME 조사기간 : #TIME~#TIME[주의사항 축약]1. 편의점 조사 가능시간(결제시간기준)은 #TIME~#TIME입니다.2. 1개 매장은 1번 참여 가능하여  조사참여를 원하신다면 방문하시기 전 사이트 내 [매장평가]에서 평가가 가능한 곳인지 사전 검색 후 방문  참여해주세요.3. 패널 한 분당 조사기간 동안 1회만 조사 참여 가능합니다.4. 본 조사는 물건을 구입하셨을 때에만 참여가 가능하며  담배(라이터  액상 리필과 같은 담배 관련 물품 포함) 또는 택배 서비스만 이용하신 경우에는 해당되지 않습니다. 또한  배달앱을 통해 구매대행 하신 경우에도 해당되지 않습니다. 5. 휴업/폐업/무인매장으로 확인되는 경우에는 사이트 내 [문의하기] 또는 CU 문의처로 알려주시면  패널님께 해당 건에 대한 안내를 추후 해드리도록 하겠습니다.6. 현재 진행중인 GS25 조사와 중복으로 참여 가능합니다.7. 포켓CU앱을 통해 물건을 예약/수령하는 경우에는 매장 평가 조사 대상이 아닙니다.8. 사례비는 #TIME 참여내역 기준으로 #TIME 1회 입금처리  이후 참여는 #TIME 입금처리 될 예정입니다.9. 이 외에 안내사항은 사이트 내 [참여방법] 메뉴를 숙지 부탁드립니다.※한국리서치 CU 문의처 : #PHONE(월~금  #TIME  공휴일 제외)※무료수신거부: #PHONE /[#TIME CU 편의점 매장 평가조사],credit,1,5/5,1.0
[Web발신]가을 바람 살랑살랑 ~ 나들이의 계절이 왔습니다!나들이 가시기 전 장보실 계획이 있으시다면 GS더프레시(GS수퍼마켓)에 방문하셔서 1만원 이상 장도 보고 GS 계열사에서 편리하게 사용 가능한 모바일 팝 충전권도 받으세요 :)방문 전 아래 평가사이트에서 조사 가능한 점포인지 꼭 확인 부탁드립니다!(자동으로 조사 문자가 오지 않는 경우를 대비하여 종이 영수증을 꼭!! 챙겨 주세요.)■ GS더프레시(GS수퍼마켓) 평가사이트 : #URL■ #NAME 로그인아이디 : #ACCOUNT(패널 본인만 참여하실 수 있습니다. 타인과 공유는 불가합니다.)■ 사례금 : 매장 1곳당 모바일 팝 충전권 3 000원■ 소요시간 : 매장 1곳당 3분■ #TIME[주의사항 축약]1. 조사 가능시간(결제시간기준)은 #TIME입니다.2. 1개 매장은 1번 참여 가능하여 조사참여를 원하신다면 방문하시기 전 사이트 내 [매장평가]에서 평가가 가능한 곳인지 사전 검색 후 방문 참여해주세요.3. 패널 한 분당 하루에 1개 점포 참여가능 조사기간 동안은 최대 2회 참여 가능합니다.4. 최종 결제 금액 1만원 이상인 경우에만 참여 가능합니다.5. 응답해주신 점검 내용에 대해 필요시 재확인 요청드릴 수 있고 점검 내용이 불량한 경우 사례비(포인트)지급이 안될 수 있음을 양지 부탁드립니다.6. 본 조사는 배달앱을 통한 구매대행 앱을 통한 물품 사전 예약 및 픽업으로 물건을 구매하신 경우에는 해당되지 않습니다.7. 이 외에 안내사항은 사이트 내 [참여방법] 메뉴를 숙지 부탁드립니다.※한국리서치 GS더프레시(GS수퍼마켓) 문의처 : #PHONE(월~금 #TIME 공휴일 제외)※무료수신거부: #PHONE /[#TIME GS더프레시(GS수퍼마켓) 매장 평가조사],credit,1,5/5,1.0
[Web발신](광고) [DB손해보험_다이렉트 가입이벤트] ★SK주유상품권 증정 이벤트★DB손해보험 다이렉트에서 자동차보험 신규 가입하면 SK주유상품권 2만원 증정! ★ 오프라인으로 가입하는 자동차보험 대비 평균 17.2% 저렴합니다★(이벤트 기간 : #TIME ? #TIME )아래 링크를 통해 내차 보험 가입하고 SK주유상품권 2만원 받아가세요!(보험료 30만원 이상 결제한 신규고객에 한합니다 / 제공주체 : 핀크럭스)★ 행사 참여 방법 ★아래 링크에 접속 후 “이벤트 참여하기”를 통해 내 차 보험 가입하면 완료!☞ #URL ★ 유의사항 당사 타 제휴혜택 및 결제혜택과 중복 지급되지 않습니다 본 문자메세지를 받고 위 URL을 통해 계산/가입까지 완료한 신규고객에게만 드리는 혜택입니다. 사은품은 발송 시점에 정상계약으로 유지된 건에 한해 #TIME 피보험자 #PHONE으로 개별 발송됩니다. 설계나 인수가 제한 될 수 있습니다. 총 혜택은 계약당 최대 3만원입니다. ■ 알아두실 사항이 계약은 예금자보호법에 따라 예금보험공사가 보호하되 보호한도는 본 보험회사에 있는 귀하의 모든 예금보호대상 금융상품의 해약환급금(또는 만기 시 보험금이나 사고보험금)에 기타 지급금을 합하여 1인당 “최고 5천만원”이며 5천만원을 초과하는 나머지 금액은 보호하지 않습니다. 보험계약자가 기존에 체결했던 보험계약을 해지하고 다른 보험계약을 체결하면 보험계약이 거절될 수 있으며 보험료가 인상되거나 보장내용이 달라질 수 있습니다. 지급한도 면책사항 감액지급 사항 등 보험금 지급이 제한될 수 있습니다. 보험계약 체결 전 반드시 상품설명서 및 약관을 읽어보시기 바랍니다. * 문의 및 상담 : #PHONE* 무료수신거부 : #PHONE상품소개동의 : #TIME준법감시인확인필_제2022-4477호(#TIME~#TIME) /내 차 보험 신규 가입하고 SK주유권 2만원 받아가세요!,credit,1,5/5,1.0
[Web발신](광고)[신한은행] [스벅커피 득템 아직이세요?] #오늘 딱 하루 모닝 치트키 스벅커피 득템은 못 참지! 오늘 딱 하루 오픈뱅킹 등록만 하셔도 신한은행이 스타벅스 커피한잔을 드려요♥ ▶커피 득템하러 가기 : #URL ▶이벤트대상: 본 문자 수신 후 상단 링크를 통해 이벤트 기간 내 오픈뱅킹 최초 등록 고객 (전.원.지.급) ▶이벤트기간: #TIME ▶이벤트경품: [스타벅스] 아메리카노 Tall 쿠폰 1매 ▶경품지급일: #TIME ※ 본 이벤트 대상자는 이 문자를 직접 처음으로 수신한 고객만 해당됩니다. ※ 경품은 은행 사정에 따라 변경될 수 있으며 경품 소진 시 이벤트는 조기 종료될 수 있습니다. ※ 미션 성공 시 리워드는 #TIME 이후 고객님의 신한 SOL 쿠폰함으로 일괄 지급되며 휴대폰번호로 별도 발송되지 않습니다. ※ 쿠폰은 신한 SOL 쿠폰함으로 즉시 지급되며 유효기간 연장 불가합니다. ※ 쿠폰함 확인하기 #URL ※ 금융결제원의 SMS/-,credit,1,5/5,1.0
[Web발신](광고) 새움학원★ 고3 추석특강 안내 ★ ♥ #TIME 한국사 #NAMET 추석특강 #URL♥ #TIME  #TIME 생명 #NAMET 추석특강 #URL♥ #TIME  #TIME 지학 #NAMET 추석특강 #URL★ 고3 파이널반 안내 ★ (추석 휴강없음)♥국어 #NAMET 파이널 실전모고반 #URL 계속반 일 AM 100-시 (#TIME종강)♥영어 #NAMET 파이널반 #URL #TIME 부터 10주(#TIME종강) 목 PM 63-93 #TIME 부터 10주 (#TIME종강) 금 PM 63-93♥생명 #NAMET 파이널반 #URL #TIME 부터 10주(#TIME종강) 수 PM 6-93♥지학 #NAMET 파이널반 #URL #TIME 부터 10주(#TIME종강) 금 PM 7-10♧ 문자 예약 #PHONE(예약하시면 모바일 결제 링크 발송합니다^^)▷ 상담 #PHONE‘새움학원’무료거부:#OTHERS /■ 고3 추석특강 + 수능파이널반 안내,credit,1,5/5,1.0
(광고)(정관장) 추석행사 마지막날      『사랑하는 가족에게 건강을 선물하자!!!』  ■#OTHERS/#OTHERS/#OTHERS사용가능 ■전국 무료 택배/전화결제 가능  ■ 행사기간 : 마지막날  ■ 행사내용: /KISA 신고 메시지,credit,1,4/5,1.0
[Web발신][팔복도가니탕 강동점]★추석 이벤트★━━━━━━━━━━━[광고] 팔복 추석 이벤트 안내추석에 팔복을 선물해 준 그 사람! 그 분의 기억에 남을 추석을 약속합니다추석을 맞이해 팔복도가니탕 매장 제품 구매시(매장접수만 해당) 사용가능한 3000원 할인쿠폰을 드렸습니다팔복과 함께 행복한 한가위 되시길 기원합니다항상 팔복을 이용해주셔서 감사합니다★매장에서만 사용가능 (#ADDRESS #ADDRESS #ADDRESS)★전지점 휴무일 #TIME(토 일) ＞ #TIME(월)부터 정상영업 ★추석감사 이벤트★- 기간: #TIME(화)~#TIME(화)- 혜택: 3 000원할인 쿠폰 지급 (택배 및 포장주문시 사용가능)★택배 마감 안내★- #TIME(월) 낮 12시까지★주말 전화 주문 안내★- #TIME(토 일) / #TIME(토~일)- 오전9시부터 오후6시까지 운영* 유의 사항 *- 인터넷 택배고객님은 할인쿠폰 사용불가- 이벤트 종료 후 할인쿠폰 자동 소멸- #PHONE 1회선당 1회 사용가능하며  비회원 혜택 불가팔복 홈페이지:#URL ☎ 택배주문 및 문의: #PHONE━━━━━━━━━━━- 쿠폰번호 : #OTHERS- 유효기간 : ~#TIME까지- 주문 및 결제시 문자제시상기 쿠폰은 유효기간 내에 꼭 사용해주세요.감사합니다.쿠폰사용 : #URL무료수신거부 #PHONE /추석 이벤트,credit,1,4/5,1.0
[Web발신][잇올 스파르타 강동센터 pre 윈터스쿨 선결제 할인 이벤트 알림]안녕하세요?잇올 스파르타 강동센터입니다.잇올 스파르타 강동센터 윈터스쿨 사전 예약을 해 주셔서 감사의 말씀을 드립니다.Pre 윈터스쿨 선결제 이벤트 진행 관련하여 안내드립니다.1. Pre 윈터스쿨이란?- #TIME 수능 이후 #TIME 정규 윈터스쿨이 진행되기 전 등원하는 학생분들께 드리는 선결제 할인 이벤트입니다.2. pre 윈터스쿨 설명- #TIME 기간에 첫 등원할 경우 수강료 10% 할인 혜택을 드립니다.더불어  #TIME 기간에 첫 등원 + 3개월 이상 장기결제를 할 경우 수강료 15% 할인 혜택을 드립니다.3. pre 윈터스쿨 선결제 기간- #TIME에 센터에 방문하셔서 선결제 진행해 주시면 됩니다.센터 방문 전 꼭 사전 연락 부탁드립니다.문의: #PHONE   #PHONE,credit,1,4/5,1.0
[Web발신]더 리버사이드 호텔 뷔페 더가든키친*#TIME 이벤트 문자*' 모임인원 무.제.한 ! 거리두기 해제 !가정의 달 풍성한 만찬 이벤트 '★ 인원제한 없는 FREE ! (최소 8인이상 개별룸 제공)# 랍스터 그라탕 테이블 서비스 (주중저녁  주말)# 주류 무제한 제공스파클링 (주중점심)와인 / 수제 생맥주 (주중저녁  주말)- 최고 인기 메뉴 '보일링크랩' (주중저녁&주말)- 인기 시그니처 LA갈비 업그레이드- 양숄더랙  로스트비프  홍게 등 (주중저녁&주말)- 활전복찜  한방갈비찜  해삼관자(주말)- 연잎 삼겹보쌈/한방 해신탕/사천식장어(주중저녁&주말)/삼채숙성무침    하몽과 스위트 메론(주중저녁&주말)/냉메밀소바/아스파라거스와 새싹보리 라떼  생선물회/목련잎에 구운 장어와 동충하초(주중저녁&주말)#TIME 문자수신고객 할인특가* 주중 성인 점심 59 000원 → 53 100원* 주중 성인 저녁 80 000원 → 72 000원* 주말 성인 점심/저녁 88 000원 → 79 200원※ 문자할인은 최대 20명까지만 가능합니다.※ 멤버쉽  호텔 내 이벤트  소셜티켓과 중복적용 불가※ 결제 시 문자 확인 부탁드리며  본 문자 소지자에 한하여 방문 당일에만 할인 혜택이 제공됩니다.※메뉴 부분 변경 가능※ 결제 후 재결제 불가※ #TIME 신분당선 개통으로 3 7 9호선연계 대중교통이용편리 /더 리버사이드 호텔 뷔페 더가든키친 *#TIME,credit,1,4/5,1.0
[Web발신][셀트리온뷰티몰] #NAME 고객님의 e포인트 5 000 원이 #TIME에 소멸 예정입니다.<e포인트 사용 안내>- 소멸예정 포인트 : 5 000 원- 사용기한 : #TIME 23시 59분 까지- 사용방법 : 셀트리온뷰티몰에서 상품 주문/결제 시 사용※ 이 메시지는 가입 약관에 동의한 회원님께 이벤트 기간에 지급된 e포인트의 소멸안내 메시지입니다.※ 사용기한 만료 시 사용여부와 관계없이 자동 소멸됩니다.※ e포인트 잔액은 마이페이지>e포인트에서 확인 가능합니다.※ 조회가 되지 않거나 문제가 발생할 경우 고객센터로 문의 부탁드립니다.※ e포인트는 온라인 전용으로 오프라인에서는 사용 불가 합니다.※ 본 알림톡/문자는 #TIME 기준으로 발송되어 수신 시점에 따라 소멸 예정 금액이 사실과 다를 수 있습니다. ▶셀트리온뷰티몰 바로가기#URL▶상담연결#PHONE (수신자 부담전화) /e포인트소멸안내_03,credit,1,4/5,1.0
[Web발신](광고) #OTHERS 물가는 오르지만#OTHERS은 잠시 내립니다♥==============▶ 혜택 1재등록시 +1개월 추가(60.500원 할인효과)*6개월 이상 등록시 해당▶ 혜택 2지인과 동시 등록시한분은 반값!*단 지인은 #OTHERS 최초이용자에 한함▶ 혜택 3네이버 페이 결제시결제금액 1% 적립!!==============혼자여도 함께여도 모두 할인★리모델링후 받은 많은 사랑조금이라도 돌려 드릴게요즐거운 추석 보내셔요~~네이버 페이 결제 바로가기#URL혜택마감 : #TIME(금)까지문자상담 : #PHONE카톡상담 : #NAME무료거부 #PHONE,credit,1,4/5,1.0
[Web발신]안녕하세요^^ #NAME입니다. #NAME님 결제건으로 전화드렸습니다. 문자 확인하시면 연락부탁드립니다. 감사합니다 :),credit,1,4/5,1.0
[Web발신][Kakao 환불머니 소멸예정 안내]고객님이 보유하신 환불머니가 #TIME에 소멸예정입니다.소멸일자 전에 환불머니 잔액을 사용하시어 고객님의 소중한 혜택을 누리시길 바랍니다.보유 잔액은 톡 더보기 > 개인/보안 > 내 결제 메인에서 확인하시기 바랍니다.,credit,1,4/5,1.0
[Web발신][밀리의 서재]독서와 친해지려면 꾸준함이 필요해요. 밀리와 100일 동안 함께한 회원은 2배 더 많은 책을 읽고 있어요.밀리의 서재를 하고 있다면 이미 대한민국 평균보다 더 독서하는 셈!회원님의 무료 혜택 기간이 #TIME에 종료되고  매월 자동 결제됩니다.▶ 구독 상품명: 전자책 월 정기구독▶ 자동결제 예정일: #TIME◆ 400만명이 선택한 인생 독서앱 ◆-구글플레이 ‘2021 올해의 베스트 앱’ 선정-앱스토어 에디터 추천 앱 -구글 애플 스토어 평균 별점 4.2 독서와 무제한 친해지리  밀리의 서재*이 문자는 발송 1일 전 기준으로 작성되었습니다.*앱스토어 결제인 경우  자동결제 해지신청 회원에게도 발송될 수 있음을 양해부탁드립니다.*정확한 결제 정보는 [관리> 구독 관리 > 자동 결제 관리] 에서 확인 할 수 있습니다. /[알림] 회원님의 무료 혜택 이용 안내,credit,1,4/5,1.0
[Web발신][#TRACKING]차량이 [#TIME] [#ADDRESS]에서  결제했습니다.*결제금액 : 12 000원 /무정차정산,credit,1,4/5,1.0
[Web발신]안녕하세요 피트니스메이트입니다.기다려 주셔서 감사합니다! ★#TIME★   오픈합니다 ! 앞으로 친절한 서비스를 통해 신뢰를 쌓아 나가겠습니다 ! 센터를 보고싶으시다면 ?  ★블로그 바로가기 #URL★인스타그램 바로가기 #URL아직 부족하지만 앞으로 채워나가는피트니스메이트가 되겠습니다.오픈행사 #TIME 마감합니다.헬스 12개월 35만원골프 12개월 83만원(vat포함금액입니다)*가입비 면제 *시작일 설정 가능 ★네이버 결제 바로가기 #URL많은 관심 감사합니다. /안녕하세요 피트니스메이트입니,credit,1,4/5,1.0
[Web발신]안녕하세요 회원님~! okEMS입니다.신규 회원 가입 혜택으로 [첫 결제 20% 할인 쿠폰]이 발급 되었습니다!신규 가입 회원님께만 특별하게 제공해 드린 할인 혜택! 놓치지 마시고 okEMS와 행운 가득한 입찰을 함께해 주세요!◆ 20% 할인 적용 시 (12개월)5만 원 상당의 할인 혜택!◆ [MY]-[쿠폰]-[보유쿠폰] 에서 사용해주세요.감사합니다.※ 쿠폰은 해당 문자 수신 일로부터 #TIME 이내로 사용해 주시기 바랍니다.※ 해당 쿠폰은 가입 최초 1회만 발급 되며  재 발행은 불가 합니다. 쉽고 빠르며 믿을 수 있는 okEMS문의 : #PHONE /안녕하세요 회원님~! okEMS입니다..,credit,1,4/5,1.0
펜션 예약신청 등록[예약번호:#TRACKING] 파라다이스펜션 109호 7명 #TIME 1박 실제예약가능 여부에 대해 답변받은 후 결제해 주세요,credit,1,4/5,1.0
[Web발신][어카운트인포 모바일] 어카운트인포 모바일서비스 장기 미사용 고객 대상 안내안녕하세요. #NAME 고객님은 [#TIME]일부터 오랜 기간 어카운트인포 모바일 서비스 미사용 상태입니다. 본 문자 수신 후 약 한달 이내 서비스 이용기록이 없을 경우 「정보통신망 이용촉진 및 정보보호 등에 관한 법률」에 의거 어카운트인포 모바일서비스에서 고객님의 이용등록이 해지되고 관련 개인정보가 파기됨을 알려드립니다.개인정보파기를 원하지 않으시면 어카운트인포 모바일 앱을 실행하여 서비스를 지속하여 이용하여 주시기 바랍니다.* 더 자세한 내용은 하단의 링크를 클릭하여 확인해주시기 바라며 궁금하신 점은 금융결제원 고객센터 또는 앱>고객센터>고객상담을 통해 문의하여 주시기 바랍니다.[고객센터] #PHONE (평일 #TIME) #URL /어카운트인포 모바일 안내메시지,credit,1,4/5,1.0
[Web발신](광고)[SKT]언더아머 공식 스토어 모든 상품25%할인 안내  고객님 안녕하세요. SK텔레콤에서 언더아머 공식 온라인 스토어의 할인 이벤트를 안내드립니다.  ▶ 언더아머 공식 스토어 제품 구매하기: #URL  ■ 프로모션 코드 사용 안내 -사용 기간: #TIME -프로모션 코드: SK25 -사용 방법:결제 시 장바구니 아래의[프로모션 코드 추가]란에 위 쿠폰 코드 입력 *로그인 후 사용 가능 *기간 안에 여러 번 사용 가능  ■ 유의 사항 -같은 제품도 색상별로 가격이 다를 수 있습니다. -이 프로모션 코드와 다른 쿠폰을 중복 사용하실 수 없습니다. -구매 후 사이즈 교환을 원하시는 경우 반품 후 다시 구매하셔야 합니다. -공식 온라인 스토어에서 구매하신 제품은 공식 온라인 스토어에서만 환불하실 수 있습니다. -이벤트 기간 종료 후 다시 구매하시는 경우 프로모션 가격이 다시 적용되지 않습니다.  ■ 문의 -이벤트 문의:언더아머(#PHONE 평일 오전9시~오후6시) -기타 문의: SKT고객센터(#PHONE)  감사합니다.  무료 수신거부1504 /언더아머 가을맞이 25% 할인 혜택을 안내드립니다.,credit,1,4/5,1.0
[Web발신][T우주] <배달의민족> 쿠폰 사용 안내고객님  안녕하세요.이달의 <배달의민족> 쿠폰이 도착했습니다.T우주 × 배달의민족과 함께 좋은 음식을 먹고 싶은 곳에서 즐겨 보세요.■ 발급된 <배달의민족> 쿠폰- 쿠폰명: 배달의민족 5 000원- 쿠폰 번호: #TRACKING- 등록 기간: #TIME 까지- 사용 기간: 등록일로부터 30일- 사용 방법: 배달의민족 앱 > My 배민 > 쿠폰함 > 쿠폰 등록하기 > 주문 시 결제 화면에서 쿠폰 적용▶ 쿠폰 등록하기: #URL▶ 쿠폰 확인하기: #URL■ 유의 사항- 배달의민족 앱에서 배달  포장  배민1 주문 시 사용하실 수 있습니다.- 다른 쿠폰과 중복 사용하실 수 없습니다.■ 쿠폰 문의: 배달의민족 고객센터(#PHONE)■ 구독 문의: T우주 고객센터- SK텔레콤 휴대폰에서 #PHONE(무료)- 다른 통신사 휴대폰에서 #PHONE(유료)나만의 구독 유니버스  T우주,credit,1,4/5,1.0
[Web발신] #NAME 당원님 감사합니다. '민생 제일주의'의 기치 아래 모든 국민의 더 나은 삶을 위해 더불어민주당은 더욱 노력하겠습니다. 사랑하는 이들과 건강과 행복을 나누시는 풍성하고 넉넉한 추석이 되기를 기원합니다. [납부정보 안내] ■ 납부연월 : #TIME ■ 소속 : #ADDRESS ■ 결제방식 : CMS ■ 당비구분 : 일반당비 ■ 납부액 : 1000원 아래 [추석 인사말 바로가기] 버튼을 확인해주세요! 추석 인사말 바로가기 : #URL /[듀]더불어민주당,credit,1,4/5,1.0
[Web발신][삼부팩]#NAME님의 주문이 결제완료 되었습니다□주문번호 : #TRACKING□결제금액 : 127 582원[주문상태:배송준비중일경우에는 취소불가]문의사항은 주문번호와 함께 문의부탁드립니다.  이용해주셔서 감사합니다,credit,1,4/5,1.0
[Web발신][런시스템] 국민(#ACCOUNT) 금액:2 000 000원 할부:#TIME 결제 되었습니다. 승인번호:#TRACKING #TIME 결제자:#NAME #PHONE,credit,1,4/5,1.0
[Web발신][신협 : 자동이체 신규 등록안내]#OTHERS님의 신협 계좌에 아래의 오픈뱅킹 자동이체(출금이체동의)가 등록되었습니다.* 이용기관명 : 토스뱅크* 납부자번호 : #ACCOUNT* 신청기관에 의해 주기적 또는 일회성 출금이체가 발생할 수 있습니다.자동이체를 신청한 적이 없으시면 즉시 토스뱅크(#PHONE) 또는 금융결제원(#PHONE)으로 문의 바랍니다.※ 본 메시지는 자동이체 관련 부당출금을 예방하기 위하여 무료로 통지하고 있습니다.,credit,1,4/5,1.0
[Web발신][리포데이] 고객님 #TIME 정기구독 결제 예정일입니다.-#TIME 이전 결제 시 당일 발송-#TIME 결제 시 다음 영업일 발송(발송 이전까지만 변경 또는 취소 가능),credit,1,4/5,1.0
[Web발신]나중결제 할부 서비스는 #TIME자로 종료되어 안내 드립니다.* 변경내용: 나중결제 할부 서비스 중단 (나중결제 일시불은 계속 이용 가능)* 변경일정: #TIME나중결제 할부 서비스는  #TIME까지만 이용할 수 있습니다. 이미 할부결제로 이용하신 금액은 기존과 동일하게 매월 15일에 자동 이체됩니다.이용가능금액은 쿠팡 정책 및 나중결제 사용이력 등에 따라 고객별로 다르게 조정될 수 있습니다.자세히 보기: #URL /쿠팡_나중결제 서비스 변경에 따른 이용안내,credit,1,4/5,1.0
[Web발신][LG U+] #NAME 가입하신 「(디즈니+) 5G 프리미어 레귤러」 요금제의 프리미엄 혜택인 디즈니+서비스 이용방법을 안내해 드립니다.아래 인터넷 주소를 통해 디즈니+ 계정을 등록 후 디즈니+를 즐겨보세요. ▶ 디즈니+ 이용하기 ☞ #URL (링크 유효기간 : #TIME) (1개의 계정만 등록할 수 있으니 타인에게 공유를 주의해주세요.)※ 꼭 확인하세요.휴대폰 일시정지/해지/디즈니+ 미제공 요금제로 변경할 경우 디즈니+ 이용이 중단됩니다.단 LG U+에서 디즈니+ 서비스를 이용하기 전에 디즈니+에서 유료 이용하신 경우 디즈니+에 등록된 결제 수단으로 자동 결제됩니다.(이용 요금은 디즈니사에서 청구)▶ 가입한 요금제 자세히 보기 ☞ #URL /[LG U+],credit,1,4/5,1.0
[Web발신]품절안내메세지 #NAME님 핫핑에서 주문하신 상품이 품절되었습니다. ▶상품명: 코튼모달 스판 긴팔티셔츠[44~99] 옐로우(yellow)-3 ▶품절시 선택하신 처리방법으로 진행됩니다. ※무통장입금/가상계좌/휴대폰 결제수단일 경우 예치금으로 환불되며 환불계좌를 문의게시판에 남겨주세요. 품절로 불편을 드린 점 죄송합니다. /문자알림,credit,1,4/5,1.0
[Web발신](광고)창피부과◆ #TIME 한달 간 최대 69% 혜택(할인시술가 49% + 선결제적립 20%)♥ 적립금 추가 이벤트- 500만원 선결제시 15% 추가적립(575만원)- 1000만원 선결제시 20% 추가적립(1 200만원)♥ 이벤트 시술얼굴 리프팅 최대 40% off스킨부스터 최대 30% off관리 프로그램 최대 30% off눈가 리프팅 최대 26% off바디 리프팅 최대 50% off최대할인 이벤트로선착순(선결제일기준)으로한정되어 조기마감 될 수 있습니다자세한 사항은 아래에서 확인하세요▼ #TIME 바로가기 ▼#URL▼ 창피부과 카톡상담 바로가기 ▼#URL연락처 #PHONE무료거부#PHONE /#TIME 한달 간 최대 69% 혜택,credit,1,4/5,1.0
[Web발신][화성시통합예약] [승인완료] [2동센터][#TIME]라인댄스A(실버) 승인 완료. 결제 요망.,credit,1,4/5,1.0
[Web발신](광고) [에스티엠몰] 마음만은 풍요로운 추석 연휴 보내세요 1) 잘풀리는집 미용티슈(180매)*3매입 3 400원(8개단위주문) ▶ 상품보기 : #URL 2) 로얄포드 보온보냉백(옐로우 블랙 택1) 7 000원(20개단위주문) ▶ 상품보기 : #URL 3) 델라고 EF(eco-friendly) 인덕션(IH)겸용 스텐냄비 3종세트 32 000원(1개단위주문) ▶ 상품보기 : #URL ▶ 전체상품보기 : #URL <주문방법>   ▶모바일앱(휴대폰)주문&결제시 2% 상시할인 : 앱 설치/업데이트 후 주문 #URL (삼성/LG外클릭)    #URL (아이폰 클릭) ▶U-파트너(PC)주문시 : '에스티엠몰' 접속 : 좌측 하단 롤링배너 5번째 클릭 ☎ 문의 #PHONE   팩스 #PHONE 무료수신거부 #PHONE /(광고) 더도말고 덜도말고 한가위만 같아라,credit,1,4/5,1.0
[Web발신]★★3차 마지막 이벤트★★★빅브로짐★(구 스타칼리)오늘 3차 이벤트가 종료될 예정입니다.문자 받기를 원치 않으시는 분은  차단 한번 부탁드리겠습니다^^!!공사 현황 클릭#URL센터 오픈 시 현재가보다 금액 인상 예정입니다.♥ 헬스 6개월 26만원  12개월 35만원-단  2인 동시 등록 시 12개월 66만원(1인 33만원) 적용됩니다.내일부터 6개월 28만원  12개월 39만원입니다.♥ GX 6개월 35만원  12개월 47만원-단  2인 동시 등록 시 12개월 90만원(1인 45만원) 적용됩니다내일부터 6개월 39만원  12개월 52만원입니다.♥ PT  10회 66만원  20회 121만원  30회 165만원 입니다.접수처- 스타벅스 1층앞다음주 화요일부터는 5층에서 상담진행됩니다.※상담가능시간#TIME주말 및 공휴일 - #TIME24시간 문자문의 가능방문이 불가능하신 분은 네이버로 결제 가능합니다.#URL -< 여기를 누르시면 자동으로 네이버 스토어로 이동됩니다^^■변경사항■♠ 런닝머신 및 사이클 전체교체♠ 남녀 샤워장  탈의실 전면 리모델링♠ 헬스장 바닥 및 천장 전체 인테리어♠ 최신 명품 헬스 기구 입고 (싸이벡스  라이프 피트니스  아스날스트랭스등 총 60종)♠ 파워 랙 7대  천국의 계단 3대♠개인 락카 및 공용 락카 교체 ♠ 운동복 수건 전체교체♠ 리모델링 이후 운영 시간 24시간으로 변경 ① ▶ 월요일 #TIME~ 토요일 #TIME까지 문 안 닫음(평일 24시간) ▶ 일요일  공휴일         #TIME~ #TIME♠ 최첨단 출입 시스템(얼굴 인식 및 지 문인식)♠ 스피닝  사무실 철거(웨이트 운동공간으로 변경)★★(전) 상호 스타칼리휘트니스응암점 → (NEW) 상호 빅브로짐휘트니스 응암점 변경되었습니다.문의사항☎#PHONE 아이언 매니저무료거부#PHONE /★★3차 마지막 이벤트★★ ★빅브..,credit,1,4/5,1.0
누구에겐 수면이 힐링이고  다른 이에겐 운동이 힐링입니다. 누구에겐 침묵이 힐링이지만  다른 이에겐 수다가 힐링입니다. ‘나’는 무엇을 할 때 ‘힐링'이 될까요? ‘나'는 어떻게 나에게 맞는 '힐링'을 찾을 수 있을까요? #TIME 힐링페스타는 ‘나'를 알고  ‘나’를 즐기는 축제입니다. #TIME 힐링페스타 경주가 #TIME 경주에서 개최됩니다. 다양한 프로그램과 이벤트가 진행되니  많은 참여부탁드립니다. ☞#URL이벤트 1. “ 친구와 같이하기 ”♥“너도힐링 나도힐링 함께가자” 1+1 이벤트이벤트 기간 내 프로그램 1개 구매 시  동일 프로그램 1명 무료 제공♬▶ 이벤트 기간 : #TIME▶ 참여방법STEP 1. 힐링페스타 프로그램 중 1가지 프로그램 결제 (필라테스 요가라이브 프로그램 제외)STEP 2. 캡쳐 이미지(#TIME 기간 중 결제완료한 화면) + 친구 이름과 같이 하고 싶은 사연을 설문폼에 올리기이벤트 응모 설문폼 → #URL▶ 이벤트 발표: #TIME* 힐링페스타 인스타그램 / 페이스북 에서 발표♬ 경품 ♬동일 프로그램 1인 수강권이벤트 2. “ 부모님과 같이하기 ”♥“너도힐링 나도힐링 함께가자” 1+2 이벤트이벤트 기간 내 프로그램 1개 구매 시  동일 프로그램 2명 무료 제공▶ 이벤트 기간 : #TIME▶참여방법STEP 1. 힐링페스타 프로그램 중 1가지 프로그램 결제 (필라테스 요가라이브 프로그램 제외)STEP 2. 캡쳐 이미지(#TIME 기간 중 결제완료한 화면) + 부모님 이름과 같이 하고 싶은 사연을 설문폼에 올리기이벤트 응모 설문폼 → #URL▶ 이벤트 발표: #TIME* 힐링페스타 인스타그램 / 페이스북 에서 발표★ 경품 ★동일 프로그램 2인 수강권이벤트 3. “ SNS 팔로잉 이벤트 ”♥#TIME 힐링페스타 인스타그램 팔로잉 / 페이스북 좋아요 하고 선물받자!▶ 이벤트 기간 : #TIME▶참여방법1. 힐링페스타 인스타그램(@healing_festa) 팔로잉 / 페이스북(@healingfesta.co.kr) 좋아요 누르기2. 캡쳐 인증샷을 설문폼에 올리기 (이벤트 응모 설문폼 → #URL)▶ 이벤트 발표: #TIME* 힐링페스타 인스타그램 / 페이스북에서 발표♣ 경품 ♣스타벅스 쿨라임 피지오(T) 음료 쿠폰 (추첨 30명) /22힐링페스타 이벤트 안내,credit,1,4/5,1.0
[Web발신]♥ 특가 행사안내 ♥ 오픈 후에는 1년 기준 10만원 이상 차이 납니다.본인 및 가족 친구 좋은 조건에 등록할 수 있게 많은 홍보 부탁드립니다.★★(구 스타칼리)빅브로짐 공사 현황★★#URL 클릭하시면 현재 공사 현황 확인하실 수 있습니다.-런닝머신 새 제품으로 변경하기로 했습니다.(미러링 인클라인 가능)-사이클 새 제품으로 변경하기로 했습니다.안녕하세요. 이번에 #TIME부로 스타칼리 응암점을 인수하게 된 빅브로짐 4호점입니다. #TIME ~ #TIME 일정으로 새로운 모습으로 리뉴얼(공사) 예정입니다. 접수처- 스타벅스 1층앞※상담가능시간-#TIME 24시간 문자문의 가능카카오톡채널: 빅브로짐 응암점방문이 불가능하신 분은 네이버로 결제 가능합니다.#URL -< 여기를 누르시면 자동으로 네이버 스토어로 이동됩니다^^■변경사항■♠ 남녀 샤워장 탈의실 전면 리모델링♠ 헬스장 바닥 및 천장 전체 인테리어♠ 최신 명품 헬스 기구 입고 (싸이벡스 라이프 피트니스 아스날스트랭스등 총 60종)♠ 파워 랙 7대 천국의 계단 3대♠개인 락카 및 공용 락카 교체 ♠ 운동복 수건 전체교체♠ 리모델링 이후 운영 시간 24시간으로 변경 ① ▶ 월요일 06:00~ 토요일 22:00까지 문 안 닫음(평일 24시간) ▶ 일요일 공휴일 10:00~ 22:00♠ 최첨단 출입 시스템(얼굴 인식 및 지 문인식)♠ 스피닝 사무실 철거(웨이트 운동공간으로 변경)★★(전) 상호 스타칼리휘트니스응암점 → (NEW) 상호 빅브로짐휘트니스 응암점 변경되었습니다.문의사항☎#PHONE 아이언 매니저무료거부#PHONE /♥ 특가 행사안내 ♥ 오픈 후에는..,credit,1,4/5,1.0
[Web발신](광고)#NAME님 재가입 혜택 대상자에 선정되셨습니다. 놓치지 마세요! #NAME님께 드리는 특별 혜택입니다. ※ 일주일 이후엔 지급된 혜택이 소멸됩니다. ■#TIME 종료! [1] 비대면 상담 수기 결제 시 20% 할인 [2] 럭셔리 미팅 파티 무료 초대 (선착순 16명) [3] 12개월 무이자 할부 #NAME 드림 문의 #PHONE 무료수신거부 #PHONE /#NAME님 오늘의 혜택 대상자 선정 안내,credit,1,4/5,1.0
"[Web발신]♥♥#OTHERS♥♥ 설레는 추석 기다리던 이벤트!! ☞#OTHERS에서 ""젊음""을 선물 하세요!! 행사기간 : #TIME ★본원은 부가세 추가금 없습니다★ 더 많은 이벤트를 보시려면 ↓↓↓#OTHERS↓↓↓ #URL 1. 점/비립종/사마귀(기본크기)개당 3천3백원 2. [국산]주름보톡스 3만3천원 / 사각턱보톡스 5만7천원 3. [제오민 독일]주름보톡스 4만4천원 / 윤곽주사 3만5천원 4. 롱펄스 3회 39만9천원 5. 롱펄스 2회 + 토닝 + 미백관리 5회 65만9천원 6. 토닝+재생 or 비타민관리 10회 75만9천원 7. 아쿠아필 + 크라이오 5회 29만9천원 아쿠아필 + 크라이오 10회 49만9천원 8. 알라딘필링 1회 11만9천원 / 3회 29만9천원 9. 프락셀 3회 + 재생관리 3회 39만9천원 10. 확실한 젊음은 목주름부터!! 59만원 (벨로테로 목주름 필러 2cc + 목전체 스킨보톡스) 11. 리쥬란HB (통증은 절반/수분감은 두배)3회 54만원 12. 확실한 리프팅으로 젊음을 선물하세요!! v라인코그실 8줄 + 사각턱보톡스 + 윤곽주사 69만원 민트실로 변경시 84만9천원 슈링크 300샷 추가 17만9천원 ※선결제 후시술 가능합니다. ♥추석휴진: #TIME까지 휴진입니다♥ ☎예약.문의 #PHONE #ADDRESS /#OTHERS입니다",credit,1,4/5,1.0
[Web발신](광고)[LG U+] 고객님 안녕하세요.이벤트 기간 동안 구글 플레이 스토어에서 리니지M을 내려받고 LG U+ 휴대폰결제로 10만원 이상 결제한 후 이벤트에 응모하면 최대 5만원을 할인받을 수 있습니다.지금 바로 참여해 보세요.▶ 이벤트 기간 : #TIME~#TIME▶ 이벤트 혜택 : 결제금액별 최대 5만원 청구할인▶ 이벤트 자세히 보기☞ #URL▶ 혜택 지급일 : #TIME에 반영▶ 이벤트 관련 문의LG U+ 고객센터 또는 이메일 문의- #PHONE- #EMAIL▶ 무료수신거부 : #PHONE▶[만족도 조사]#URL /(광고)[LG U+] 리니지M 업데이트 기념 휴대폰결제 이벤트 안내,credit,1,4/5,1.0
[Web발신]안녕하세요 #OTHERS입니다. 이번 #TIME 개최되는 IFBLS2022는 대면 참석이 불가한 회원분들을 위해 온라인 송출을 병행할 예정입니다. 오프라인은 #TIME 총 5일간 #ADDRESS에서 진행될 예정이며 온라인은 #TIME 협회 홈페이지를 통해 녹화영상을 송출할 예정입니다. 2차 사전등록기간이 #TIME 까지로 얼마 남지 않았으니 빠른 신청 부탁드립니다. - 아 래 - ▶오프라인 : #TIME / #ADDRESS ▶온라인 : #TIME / 협회 홈페이지 ▶평점: 8평점(8시간) ▶사전등록비: 정회원-80 000원 / 준회원-145 000원 ▶필독 1) 이수자 전원에게는 1만원 상당의 기프티콘이 학술대회 종료 이후 발송될 예정입니다. 2) 대면 참석자 분들께는 중식권 1장 및 2만원 상당의 추가 기념품이 제공될 예정입니다. 3) #TIME에 참석하실 경우 프로그램이 1시간 운영되는 관계로 1평점만 이수 가능 #TIME에 참석하실 경우 프로그램이 3시간 운영되는 관계로 3평점만 이수 가능합니다. 4) 온라인 방식으로 이수하실 경우 #TIME에 진행하는 강의 중 일부만 녹화되어 송출될 예정이오니 특정 강의 이수를 원하시는 경우 대면 참석 부탁드립니다. 5) #OTHERS 수탁인증교육의 경우 오프라인 온라인 모두 이수가 가능합니다. 6) 온라인 이수를 원하시는 회원분께서도 하단의 사전등록창에서 지금 결제해주시면 됩니다. *이수방법 안내 #URL *사전등록 바로가기 #URL /[#OTHERS],credit,1,4/5,1.0
[Web발신](광고)(정관장) 추석  큰행사        『추석에 건강을 선물하세요!!!』♥#NAME고객님께만 정관장에서 감사의 마음을 담아 1만원 즉시 할인혜택을 드렸습니다.■#ADDRESS/롯데[/신세계상품권사용가능■전국 무료 택배/전화 결제 가능■ 행사기간 : #TIME ~ #TIME■ 행사내용: #ADDRESS고객만 더드림이벤트 추가   1. 구매금액 10만원당 1만원 할인(단  일부품목 제외) 예)10/20/100/200만원구매시  1/2/10/20만원 할인   2. 에브리타임30*50포  홍삼톤골드  화애락진30/40포  천녹톤30/60포  추가 5% 할인(단  일부품목 제외)   3. 초기구매 #TIME까지  포인트 2배 적립   4. 동인비 행사 ■ 고객님께서 현재 사용가능한 멤버십 포인트는 12 361점입니다■ 행사문의 : 정관장 #ADDRESS(직영)■ 카다로그 : #URL■ 정관장은 고객님께서 안심하고 방문하실 수 있도록 매장 방역 및 위생관리를 철저히 진행하고 있습니다.■ 무료수신거부 : #PHONE /(광고)(정관장) 추석행사,credit,1,4/5,1.0
[Web발신][정관장몰] 주문접수 안내#NAME 님께서 주문하신 주문번호 : #TRACKING 이 정상적으로 접수 및 결제 확인되었습니다.이용해 주셔서 감사합니다.※ 종이박스는 택배전표  테이프 등 이물질을 제거한 후 배출해 주세요.고객센터 : #PHONE,credit,1,4/5,1.0
[Web발신](광고) [LG U+] 금요 쇼핑 지원 5% 할인 쿠폰 안내LG U+ 고객님을 위한 최저가 쇼핑혜택! U+콕에서 금요 쇼핑 지원 5% 할인 쿠폰을 드립니다. 금액 제한 없는 5% 할인 쿠폰과 함께 즐거운 쇼핑하세요.▶ 쿠폰 안내- 유효 기간: ~#TIME 낮 12시까지- 확인 방법: U+콕 홈페이지 - 휴대폰인증 - 마이페이지- 사용 방법: U+콕 사이트 (PC 또는 모바일) 결제 시- U+콕 바로가기: #URL▶ 쿠폰 유의사항- 사용 가능 기한 내 1인 1회 사용 가능합니다.- 쿠폰 사용 후 부분 취소 시 재발급이 불가합니다.- 쿠폰 사용 기한 내 주문 취소 시 쿠폰은 자동 재발급되며 기한 만료 후 주문 취소/재결제 시 쿠폰 재발급 불가합니다.- 타 쿠폰과 중복사용이 불가합니다.▶ 이용 문의- 지니웍스 고객센터 #PHONE (평일 오전 10시~오후 6시 점심시간 오후 12시~1시 유료)- 유선 주문 불가- 무료수신거부: #PHONE- 본 이벤트는 제휴사 사정에 따라 사전 안내없이 내용이 변경되거나 종료될 수 있습니다.▶[만족도 조사]#URL /[LG U+],credit,1,4/5,1.0
[Web발신][열려라 공동구매]#NAME님의 주문이 결제완료 되었습니다□주문번호 : #TRACKING□결제금액 : 158 900원이용해주셔서 감사합니다▷[열려라 공동구매] 바로가기 :#URL,credit,1,4/5,1.0
[Web발신]▷ 쿠폰번호:#TRACKING ▷ 상품명:[GS25] 빙그레)바나나우유240ML ▷ 수량:1 ▷ 교환처:GS25 ▷ 유효기간:#TIME까지 ※ 해당 상품은 우리동네GS(구 나만의 냉장고) APP에 등록하여 사용 가능합니다. ▶사용방법 - 상세 사용방법 확인하기 : #URL 1) 우리동네GS 앱 설치/가입하기 > #URL 2) 홈화면 하단 MY 탭 > 쿠폰함 > 쿠폰등록 탭 > 쿠폰번호(20자리) 입력 > 쿠폰등록 3) 사용가능 탭 > 등록된 쿠폰 확인 4) 매장에서 상품 결제 시 바코드 제시 ※ 프로모션 상품으로 유효기간 연장 불가하오니 기간 내에 등록 및 사용 부탁드립니다. ※ 본 쿠폰 사용 시 타 행사 및 통신사 중복 할인 적용 불가합니다. ▷ 본 모바일쿠폰의 [재판매 및 양도]를 금지하며 이로 인해 발생한 피해에 대해 ㈜즐거운(스마일콘)은 책임지지 않습니다. /[모바일쿠폰]#OTHERS님이보내신선물도착,credit,1,4/5,1.0
[Web발신]안녕하세요. #ADDRESS입니다. 구정 주요사항을 안내드립니다.1. 노원사랑상품권 추가 발행 안내소상공인 및 자영업자 지원을 위해 노원사랑상품권을 추가 발행합니다.  ▶ 일시: #TIME ▶ 규모: 72억 원 (할인율 10%)  ▶ 한도: 월 70만원/1인 (보유한도 최대 200만원)▶ 구매 및 결제 앱: 서울페이플러스  티머니페이  신한쏠  머니트리  신한플레이   ※ 기존앱(비플제로페이  체크페이 등)에서는 상품권 구매 불가▶ 사용처: #ADDRESS 문의  일자리경제과 #PHONE2. 당현천 수상음악회 개최초가을 밤 선선한 바람  당현천의 물소리와 함께 고품격 음악공연을 당현천 산책길에서 만나보세요.▶ 일시: #TIME▶ 장소: #ADDRESS▶ 출연진: 가수 #NAME  바리톤 #NAME  웨스턴심포니 오케스트라문의  노원문화재단 #PHONE / #ADDRESS  #PHONE3. 제1회 청년축제 ‘청년  예술과 걷다’ 개최청년의 날을 맞이하여 제1회 노원청년축제를 개최합니다. 청년들이 직접 준비해 개최되는 지역 축제에 구민 여러분의 많은 참여 바랍니다. ▶ 일시: #TIME  운영 시간은 아래 링크 참조 ※ 기념식: #TIME▶ 장소: #ADDRESS 일대▶ 내용: 강연  공연  아트페어  플리마켓  먹거리존 등 다양한 이벤트와 체험부스제1회 청년축제 안내 #URL 문의  아동청소년과 #PHONE4. 2022년 제1회 불후의 명강  인지심리학자 #NAME 교수 강연‘어쩌다 어른’ 등에 출연하며 대중들의 공감을 얻고 있는 ‘#NAME 교수’를 모시고 ‘적정한 삶-균형잡힌 삶이 역량인 21세기’라는 주제로 무료 강연을 진행합니다. ▶ 일시: #TIME▶ 장소: #ADDRESS ※ 당일 #TIME부터 좌석표 선착순 현장 배부문의  평생학습과 #PHONE5. 당고개역 내부 에스컬레이터 준공식 개최이동편의를 위한 지하철역사 내 에스컬레이터 설치가 완료되어 준공식을 안내드립니다.▶ 일시: #TIME▶ 장소: #ADDRESS 문의  교통행정과 #PHONE [무료수신거부] #PHONE /[노원구] 노원사랑상품권 추가 발행 안내 등,credit,1,4/5,1.0
안녕하세요 삼성디지털프라자 #ADDRESS #NAME 지점장입니다!고객님 덕분에 지점장이 된지 벌써 1년이 넘었습니다. 항상 감사합니다.이번 삼성전자 가을정기 세일을 맞아 고객님께 풍성한 혜택이 적용되어서 문자드립니다.■딱! 한번☞ #ADDRESS【번.개.특.가】행사■삼성4도어 875L 냉장고 190만원대(2등급)* 결제 214만원  혜택 14.5만1등급 냉장고 선착순 구매고객30만원상당 추가 혜택!☞ 방문을 서두르세요!■김치냉장고☞번.개.특.가■※진열상품☞선착순 파격세일 [자세한 문의는 삼성전자 #ADDRESS 매장으로!]* 본 행사는 행사모델에 한하며   삼성전자 멤버십 가입 조건   당사 사정에 의해 예공없이  조기종료 또는 내용변경 될 수 있습니다. [삼성디지털프라자 #ADDRESS]T. #PHONE편안하게 문의주시면즉시 안내 도와드리겠습니다~^~^삼성전자 #ADDRESS #NAME 드림#URL,credit,1,4/5,1.0
(광고)최고기축산태평☎전화 #PHONE일련번호 #TRACKING년 #TIME (일) 최고기 소식입니다.★명절 전 최고기 파격5일장 행사!★(기간 #TIME)※ 여주지역화폐  농민기본소득 재난지원금 사용가능!!★행사중 이벤트!!★ 5만원이상 현금 or 이체 결제시 한우 떡갈비 증정!!ㅁ 여름휴가철 보냉백포장 해드립니다.※ 명절 한우 보신세트 입니다(맨아래 참조)★명절 전 최고기 파격5일장 행사!★ㅇ 한우 간  천엽 있습니다ㅇ 한우 육회거리 100g 5 000(파격행사)ㅇ 한우 양지국거리 100g 3 800ㅇ 한돈 생 등갈비 600g/1근 11 800(★)ㅇ 한돈 생 칼집삼겹살 600g/1근 15 000(★)ㅇ 한돈 생 삼겹살 100g 2 634ㅇ 한돈 생 오겹살 100g 2 467ㅇ 한돈 생 찌개거리 2팩 10 000ㅇ 한돈 생 미니족 1벌 9 900(10벌한정)ㅇ 최고기 LA갈비 100g 4 500(1판구매기준)ㅇ 수입 우 삼겹살 1근 9.900ㅇ양념 소 불고기 600g/1근 9 900ㅇ 생닭/볶음용닭 2마리 10 000ㅇ 4미 활낙지 8 900 (염가세일)★ 명절 최상급 LA갈비 선물세트!!(택배포함가격)ㅇ LA갈비 2kg --> 90 000ㅇ LA갈비 3kg --> 130 000★명절 한우 보신세트(택배포함가격) ★ㅇ 한우 혼합보신Set(사골+우족)--> 5kg 55 000ㅇ 한우 사골 set--> 3kg 29 000--> 4kg 39 000--> 5kg 49 000ㅇ 한우 우족 set--> 3kg 39 000--> 4kg 49 000--> 5kg 59 000---------------------------------------------------------▶ 최고기 연락방법을 알려드립니다~~☞ #PHONE ☜ 여기로 전화주세요~▶ 최고기 주차 안내☞ 매장 앞 주차 가능/태평터미널 안쪽 주차 가능무료거부 #PHONE  /？(광고)최고기축산태평,credit,1,4/5,1.0
"[Web발신][승강기 검사 미신청 안내] 귀 건물에서 운행 중인 승강기의 검사주기가 도래되어 검사신청을 안내해 드립니다. ■ 고객안내번호 : #ACCOUNT ■ 건물명 : #OTHERS ■ 건물주소 : #ADDRESS ■ 검사주기도래일 : #TIME (승강기가 2대 이상일 경우 먼저 도래되는 일자 기준) ■ 검사종류 및 대수 : 정기검사 / 1대 ■ 검사신청방법  - 접속URL : 승강기민원24(#URL)  - 신청절차 : 로그인 혹은 비회원 본인인증>>민원신청>>승강기 검사신청>>정기검사/정밀안전검사>>고객안내번호 입력>>신청정보 입력>>수수료결제>>신청완료  - 전자세금계산서 발행은 승강기민원24에서 입력한 정보로만 발행됩니다. ■ 유의사항  - 검사를 받지 않고 승강기를 운행하는 경우 ""1년 이하의 징역 또는 1천만원 이하의 벌금"" 이 발생될 수 있으니  검사주기도래일 이전에 반드시 검사신청을 하시기 바랍니다. ■ 기타 안내사항  - 승강기민원24에서는 승강기 검사주기도래일을 SMS으로 안내하는 서비스를 제공하고 있습니다.  - 신청방법 : #URL 접속 후 ""만료안내 SMS 서비스 신청"" 클릭 ※ 이미 검사신청을 완료한 경우 본 메시지는 삭제하시기 바랍니다. /[승강기 검사 미신청 안내]",credit,1,4/5,1.0
[Web발신][위메프] 안녕하세요. #NAME 고객님! 위메프 입니다.구매하신 상품이 품절 되어 안내 드립니다.상품명: [언더아머] 언더아머 3023000 옵션명: 285 (1건)환불금액: 71 800원판매자의 상품재고 관리 미흡으로 불편을 드려 죄송합니다.결제 금액은 취소되었으며 #TIME 이내 환불 확인이 가능합니다. (단  주말과 공휴일 제외)품절된 상품을 제외한 나머지 상품을 주문하신 경우에는 빠르게 출고하겠습니다.추후에는 동일한 불편사항이 발생하지 않도록 더욱 노력하는 위메프가 되겠습니다. ※ 환불내역 및 품절 상품에 대한 확인: [마이페이지]→[취소/교환/반품]→[취소/교환/반품 현황] 메뉴에서 확인 가능감사합니다.모바일 위메프 바로가기 :#URL/[위메프] 품절안내,credit,1,4/5,1.0
[Web발신](광고) #OTHERS 특별 쿠폰 도착!일본어/중국어 학습메일로 열공하고 계신 회원님께 드리는 특별한 혜택★일본어/중국어 모든 단과강의 30% 할인쿠폰이 도착했습니다★#OTHERS의 다양한 강의와 함께 원하는 목표 꼭 이루세요!*쿠폰 대상강의: 일본어/중국어 단과강의*할인율: 강의 금액 30% 할인*쿠폰 유효기간: ~#TIME까지*쿠폰 확인방법: #OTHERS > 클래스룸 > 쿠폰 메뉴에서 확인 가능*쿠폰 사용방법: 인강 결제 시 쿠폰 [사용] 버튼 클릭 > 쿠폰 선택 후 적용 > 할인된 금액으로 결제 가능▼쿠폰 확인▼#URL※ 본 SMS는 #OTHERS 정보 내 기입된 휴대폰 정보로 발송되었습니다.※ YBM NET 고객센터: #PHONE(9시~18시  주말/공휴일/점심시간 #TIME 제외)※ 무료 수신거부: #PHONE /(광고) #OTHERS 특별 쿠폰 도착!,credit,1,4/5,1.0
[Web발신][라이나생명 미납보험료 납부 안내]#NAME 고객님! 행복중심케어 라이나생명입니다.보유하고 계신 계약의 보험료가 #TIME까지만 납부되어 있어 안내 드립니다.고객님의 소중한 보험이 유지될 수 있도록 납입상태를 꼭 확인해주세요.■ 최종 납입월- #TIME■ 보험료 납입기한- #TIME까지 납입 가능■ 꼭 알아두세요!- 보험료 입금 시 자동이체 청구중일 경우 보험료가 이중 납부될 가능성이 있으며  이중납부 시 당월보험료 이후 납입분은 자동환급(또는 결제취소) 됩니다.- 본 메시지는 전 영업일 #TIME 납입 기준입니다. 이후 보험료를 납입하셨거나  계약 상태를 변경하신 고객님은 본 메시지와 관계없이 현재의 계약 및 납입 상태가 유지되는 점 참고해주세요.■ 납입방법 안내1. 납입전용 ARS- #PHONE > #IDNUM > 2번 보험료 즉시납입- 이용시간: #TIME2. 모바일 웹 보험료납입 및 가상계좌 발급- #URL(공동인증서 로그인 없이 휴대폰 인증을 통해 즉시 발급 가능)4. 사이버창구  모바일 APP을 통한 보험료 납입 (공동인증서 로그인)※ 위 서비스는 계약자 본인인 경우만 이용 가능합니다.■ 문의사항- 고객센터: #PHONE- 이용시간: #TIME 고객님과의 인연을 소중히 이어나가는 라이나생명이 되겠습니다.,credit,1,3/5,1.0
[Web발신][금융결제원] 뱅크페이(실시간계좌이체) 간편결제 장기 미이용 회원 개인정보 파기 안내  안녕하십니까? 저희 뱅크페이(실시간계좌이체)서비스 간편결제를 이용해주셔서 감사드리며  ‘개인정보 보호법’ 제21조(개인정보의 파기) 및 동법 시행령 제16조에 의거하여 최근 #TIME 간편결제 이용이 없는 고객님에 대하여 간편결제 회원 자동탈퇴 및 개인정보 파기가 진행됨을 알려드립니다. 1. 파기대상  뱅크페이(실시간계좌이체) 서비스 간편결제 회원가입 시 수집된 개인정보 (#TIME  #NAME  #ACCOUNT  #PHONE  #OTHERS)   2. 시행일    #TIME 만약  회원을 유지하시고자 할 경우 #TIME 이전까지 뱅크페이 간편결제 로그인 또는 결제하시면 회원자격을 유지할 수 있습니다. 회원탈퇴 및 개인정보 파기 이후 뱅크페이 간편결제를 재이용 하시고자 하는 경우에는 신규 회원가입 절차가 필요합니다. ※ 문의사항 : 금융결제원 고객센터 (#PHONE)  감사합니다. /장기미이용 개인회원 개인정보파기 안내,credit,1,3/5,1.0
[Web발신][페이레터] SK 7mobile 휴대폰 결제 서비스 장애가 복구되었습니다. *#TIME ~ #TIME,credit,1,3/5,1.0
[Web발신]▶쿠폰번호: #TRACKING▶상품명: [CU] 광동)비타500병100ml▶수량: 1▶교환처: CU▶유효기간: #TIME까지쿠폰문의: #PHONE교보생명 #NAME(#PHONE)님이 #NAME께 보내신 선물이 도착하였습니다.#TIME을 맞으신 고객님께 감사한 마음을 담아 선물을 보내드립니다!행복한 주말 되세요![교환권 사용 방법]- 지정된 상품 1개와 교환 가능한 상품권- CU 내 플러스 행사 상품  세일 상품 결제 시 사용 불가[유의사항]- 바코드 인식이 안될 경우  바코드 하단의 번호를 입력하여 결제 가능- 기업 경품 및 프로모션으로 수령받은 상품권은 현금으로 교환 및 잔액 환불 불가- 상품권의 유효기간 초과시 사용이 불가합니다.- 교환처가 지정된 경우 해당 교환처에서만 상품권을 사용하실 수 있습니다.- 사용가능일자가 지정된 경우 해당 일자까지만 상품권을 사용하실 수 있습니다.- 사용조건이 지정된 경우 해당 조건 미 충족시 상품권 사용이 불가합니다.[환불안내]- 기업 경품 및 프로모션으로 수령받은 상품권은 현금으로 교환 및 잔액 환불이 불가합니다.본 쿠폰은 유효기간 연장 및 환불 대상이 아니며  쿠폰 수령 후 재판매가 불가한 상품입니다. /(광고)생일을 축하합니다.,credit,1,3/5,1.0
[Web발신]안녕하세요 #OTHERS에서 알려 드립니다.#TIME부터 캐시백 충전인센티브 방식 적용에 따라 현재의 추가적립 충전인센티브 방식은 오늘 자정(#TIME)까지만 제공됩니다.또한 내일 오전(#TIME)부터 앱 업데이트를 통해 #TIME부터는 캐시백 정책으로 운용되오니 이 점 유의해 주시기 바랍니다.(캐시백 충전인센티브 전환 일정)- 충전중단 : #TIME(#TIME) ~ #TIME(#TIME)- 앱 업데이트 : #TIME(#TIME) 이후- 충전재개 : #TIME(#TIME) 부터[#OTHERS 충전인센티브 방식 변경 안내]‘#TIME부터 #OTHERS 충전인센티브 방식이 ‘캐시백’으로 바뀝니다.캐시백은 충전금 사용 시 즉시 적립되는 인센티브 방식이며 #TIME 정책은 충전금 사용 50만원까지 10% 100만원까지 5% 지급으로 변경되며 캐시백 적용은 #TIME 충전금부터 적용됩니다.#TIME부터 충전 시 추가적립이 아닌 충전금액 그대로 충전되며 사용(결제) 시 즉각 정해진 비율에 따라 캐시백이 적립됩니다. #ADDRESS에서 설정한 월한도를 초과하는 금액에 대해서는 캐시백 적립이 되지 않으므로 유의하시기 바랍니다.적립된 캐시백은 필요 시 언제든 결제할 때 사용할 수 있으며 결제 취소 시에는 다시 지갑에 회수 됩니다. 캐시백 사용 시에는 캐시백이 우선 차감되며 앱회원의 캐시백 사용여부는 착한페이 앱에서 설정 가능하지만 앱 설치 불가능한 웹회원(#OTHERS)은 항시 캐시백 사용으로 설정되므로 유의하시기 바랍니다.아울러 #TIME부터 귀금속(#OTHERS) 업종에 대한 결제 한도 제한이 시행됩니다. 월 30만원 연간 200만원 한도 내에서 결제 가능하며 한도 금액이 넘을 경우 결제가 되지 않습니다.보다 자세한 사항은 #OTHERS 앱내 공지사항과 시청 홈페이지를 통해 확인해 주시기 바라며 #ADDRESS 콜센터 착한페이 고객센터를 통해 문의해 주셔도 됩니다.(#TIME #OTHERS 충전 정책)- 월한도 100만원 변동 캐시백 (10~5%) 지급* 50만원까지 10% 캐시백 50만원 초과 100만원까지 5% 캐시백(관련 문의 전화)- #ADDRESS 콜센터 : #PHONE- 착한페이 고객센터 : #PHONE (지자체 4번 선택) 앱 내 1:1문의 /[제목없음],credit,1,3/5,1.0
[Web발신](광고)▶고1 4과정 수능국어 정규반 등록 안내◀안녕하세요. 이번 주부터 개강하는 고1 수능국어 정규반 안내드립니다. ★고전문학+비문학+문법 3원 체제 정규반★ ▷수업기간: #TIME~#TIME_4주▷주1회 3시간30분#TIME(#TIME)pm#TIME(#TIME)am#TIME  pm#TIME  pm#TIME 중 택1*#TIME(10/28~30) 수업만 금#TIME 수업이 없습니다. 금#TIME 수강생은 주말반 대체 또는 인강대체 바랍니다. 2학기 기말고사 일정이 빠른 학교들은 #TIME 마지막 주에 학교별 내신대비에 들어갑니다. ---------------------------------기말고사 100점 목표에 맞추어 삼원 체제 수업[고전문학]교과서 수록 작품 분석_고전소설의 핵심`고전소설의 계보`와 `주요 작자의 대표작을 배웁니다.[문법]수능기출문제분석 적용을 통해 핵심개념을 잡고학교별 내신 시험을 대비합니다.[비문학]글의 구성 원리 및 논지 전개 과정 설명으로 진행 교과서 수록 비문학 제재 독해를 수월하게 만들어 줍니다.▼커리큘럼▼#URL---------------------------------------------------■수강료 + 교재비 24만원+3만원= 27만원------------------------------------------------■결제 방법 ① ~ ③ 중 택1① 입금 (입금 전 전화 요망!)국민 #ACCOUNT (주)산에듀(#OTHERS+#PHONE)② 학원친구 어플 결제(결제 전 전화 요망!)③ 학원 방문 결제무료수신거부:#PHONE /(광고)[산김영준국어논술학원] #NAME국어,credit,1,3/5,1.0
"[Web발신](광고) [대명아임레디] 레디캐시 앱에서 공짜커피 받아가세요!고객님! 지금 바로 레디캐시 앱 가입하시고  투썸플레이스 아메리카노 받아가세요~레디캐시 앱에 가입만 하셔도 모든 분들께 투썸플레이스 아메리카노를 드리고 있어요!■ EVENT 1. 레디캐시 앱 신규가입 이벤트내가 낸 납입금을 전국 수천 개 매장에서 사용해보세요!- 대상 : 레디캐시 앱 신규가입 회원- 기간 : #TIME ~ #TIME- 사은품 : 투썸플레이스 아메리카노(R)- 지급일 : 가입 후 익월 초 일괄 지급▶ 이벤트 자세히 보기 #URL■ EVENT 2. 소노호텔앤리조트 현장결제 이벤트리조트 객실  오션월드  스키월드  골프CC에서도 레디캐시를 사용해보실 수 있습니다!- 대상 : 소노호텔앤리조트에서 ""레디캐시""로 첫 결제한 회원  ※ 레디캐시 1원 이상 결제 시- 기간 : #TIME ~ #TIME- 사은품 : 배스킨라빈스 더블주니어 아이스크림 모바일상품권- 지급일 : 사용 후 익월 초 일괄 지급▶ 이벤트 자세히 보기 #URL[레디캐시 앱이란?]오프라인 현장결제부터 모바일상품권 선물까지 가능한 간편결제 앱입니다.[레디캐시란?]고객님이 납입한 상품 금액의 일부를 만기 전에 사용 가능하도록 구현한 결제수단입니다.[레디캐시가 궁금하다면?]#URL[지금 바로 앱 다운로드하기]↓↓↓▶ #URL(문의)레디캐시앱 고객센터#PHONE(문의)대명아임레디 고객센터#PHONE무료수신거부 #PHONE  /(광고) [대명아임레디] 커피 쿠폰 받아가세요~",credit,1,3/5,1.0
[Web발신](광고)[SKT] <Google One> 1개월 무료 체험+1개월 100% 할인 혜택 안내고객님 안녕하세요. <Google One> 1개월 무료 체험+1개월 100% 할인 혜택받으시고 기억하고 싶은 아름다운 순간을 간직해 보세요!■ Google One이란?- 최대 2TB까지 클라우드 스토리지를 제공하는 구글의 대표 서비스입니다. 사진 동영상 등 휴대폰의 소중한 자료를 자동으로 안전하게 간직하실 수 있습니다.■ <Google One> 1개월 무료 체험- 체험 시작 기간: #TIME~#TIME- 참여 대상: <Google One> 요금제 결제가 처음이거나 무료 혜택을 이용한 적이 없는 고객님- 체험 혜택: <Google One> 1개월 100GB 무료 체험- 참여 방법: <Google One> 앱 내에서 참여 대상이 맞는지 확인 후 신청※ T우주로 <Google One> 가입 이력이 있는 고객님은 혜택이 제공되지 않습니다.■ <Google One> 1개월 100% 할인 혜택- 할인 혜택 제공 기간: #TIME~#TIME- 참여 대상: <Google One> 요금제를 [SK텔레콤 결제]로 처음 결제하는 고객님- 할인 혜택: <Google One> 요금제 월간 이용권 1개월 전액 할인- 참여 방법: 결제수단을 [SK텔레콤 결제]로 선택하여 월간 이용권 결제 시 자동 적용▶ 이벤트 자세히 보기: #URL▶ <Google One> 앱 다운로드하기: #URL■ 유의 사항- 이 이벤트는 안드로이드 사용 고객님만 참여하실 수 있습니다.■ 문의: SKT 고객센터(#PHONE 무료)SKT와 함께해 주셔서 감사합니다.무료 수신거부 1504 /[SK텔레콤] Google One 무료 체험+100% 할인 혜택을 받아 보세요.,credit,1,3/5,1.0
"[Web발신]#NAME님★ 하나캐피탈(H&C)렌탈◆당일결제요망▶잔액유지및 가상계좌 입금바랍니다. 미납액: 29,900원계좌번호 : #ACCOUNT예금주 #NAME 본 계좌는 #NAME님 전용계좌입니다.",credit,1,3/5,1.0
[Web발신]<금융거래정보 제공사실 안내>#NAME 고객님  안녕하십니까? 국민은행에서 발송한 전자문서가 도착했습니다.동 금융회사는 금융결제원을 통해 ‘금융실명법 제4조의2’에 의한 금융거래정보 제공사실 통보서를 모바일로 발송하고 있습니다.- 보낸이 : 국민은행- 받는이 : #NAME- 내용 : 금융거래정보 제공사실 안내- 열람가능시간 : #TIME 까지- 고객센터 : #PHONE (금융결제원)- 전자문서 확인을 원하시면 하단의 [세부내역조회] 링크를 눌러주세요.- 통보서 관련 문의사항이 있으신 경우  [자주하는 문의] 링크를 눌러주세요.- [자주하는 문의] 링크 클릭시 금융결제원 네이버 블로그로 연결됩니다.※ 문의사항이 있으신 경우 금융결제원 고객센터로 연락주시기 바랍니다.○ 세부내역 조회 : #URL○ 자주하는 문의 : #URL /,credit,1,3/5,1.0
[레포샵 결제완료 안내]#NAME주문이 결제완료 되었습니다.□ 주문번호 : #TRACKING□ 결제금액 : 411250원이용해주셔서 감사합니다.,credit,1,3/5,1.0
[Web발신]안녕하세요 고객님  KT 입니다. 티빙 3천원 할인 받고 시청하세요! ㅁ 구글플레이 티빙 구독인앱 3천원 청구할인   - #TIME   - KT결제로 결제 시 할인 적용 ㅁ 이벤트 응모하기    #URL 유의사항 이벤트 상세내용 응모페이지 확인 수신거부 #PHONE /(광고/KT)티빙 3천원 할인,credit,1,3/5,1.0
[Web발신](광고)[LG U+] 제주도 숙박+렌터카 20만원대!안녕하세요 #NAME 공식 라이브커머스 #NAME Live 입니다.#NAME Live에서 인터파크와 제휴하여제주도 특가 여행 상품을 방송 중 초특가로 준비했습니다. 2박 3일 숙박+렌터카가 209 000원 부터 229 000원까지!#TIME부터 #TIME까지 날짜부터 요일까지 자유롭게 선택하세요!▶ 오직 방송 중에만! 1. 여행 상담 예약만 해도 추첨을 통해 젠틀몬스터 선글라스(1명) 스타벅스 커피 쿠폰(30명) 증정! 2. 여행용 파우치 증정! (결제 선착순 20명) ▶ 방송 보고 여행가기☞ #URL* 방송 일시 : #TIME (다시 보기 가능)▶ 포함 내역1. 코델리아S호텔 또는 호텔 케니 서귀포 2박 (최대 3명 투숙)2. LF소나타급(LPG) 또는 동급 3일 대여_대인/대물/자손/고급자차(200만원 한도)※ 유의사항- 항공권은 별도인 상품이며  상담 희망 시 인터파크에서 구매 및 상담 가능합니다.- 209 000원은 일요일 ~ 목요일 기준  229 000원은 금요일 ~ 토요일 기준입니다.- 본 상품은 인터파크에서 제공되며  #NAME는 판매 대행으로 진행합니다. 상품 관련 상세 문의사항은 인터파크 고객센터로  부탁드립니다. (#PHONE)- 여행 상품의 환불 및 취소 관련 사항은 여행 예약 상세 페이지 참고 부탁드립니다.#NAME 고객센터#PHONE (유료)무료수신거부#PHONE▶[만족도 조사]#URL /(광고)[LG U+] 제주도 숙박+렌터카 20만원대!,credit,1,3/5,1.0
[Web발신] (광고)[지니뮤직] 올 한 해를 빛낸 아티스트들과 함께하는 ★2022 지니뮤직어워드★ 지금 지니뮤직 이용권을 결제하면 추첨을 통해 총 50분께 2022 지니뮤직어워드를 직관할 수 있는 티켓을 드립니다! ＃이벤트 기간 : #TIME ~ #TIME ＃참여 방법   ① 아직 지니뮤직 회원이 아니라면? 지금 바로 회원가입 GO!     ▶ #URL  ② 지니뮤직 음악감상 정기결제 이용권을 구매하면 응모 완료!     ▶ #URL ＃당첨자 발표 : 추후 예정  당첨자 연락처로 개별 안내 ※ 유의사항 - 해당 이벤트는 본 메시지를 수신한 분들을 대상으로 진행됩니다. - 정기결제 이용권 구매 시 자동 응모됩니다. - 당첨자는 추첨을 통해 선발되며  티켓은 1인 1매 제공됩니다. - 2022 지니뮤직어워드에 대한 자세한 사항은 2022 지니뮤직어워드 공식 홈페이지를 통해 확인이 가능합니다. (바로가기>#URL) 본 메시지는 발송일 기준으로 KT  밀리의서재에서 제3자 마케팅 동의를 하신 분을 대상으로 발송되는 메시지입니다. (무료수신거부) #PHONE /[지니뮤직] GMA 직관 이벤트,credit,1,3/5,1.0
[Web발신]#OTHERS #TIME 이벤트!★ 페이스라인up!집중패키지 슈링크 유니버스 600샷+올리지오 300샷+스킨보톡스+턱 보톡스->100만원/선착순 10명만! 진행가능★ 올리지오이벤트1>올리지오 600샷 1회(얼굴+목)     ->90만원2>올리지오 300샷 1회(얼굴만)   ->50만원★ 투명피부 만들기 패키지셀렉v1회+이온자임미백관리 2회     ->40만원★ 스킨부스터(피부를 더! 건강하게)1>리쥬란HB 1cc+LDM초음파관리   ->25만원2>리쥬란HB 3cc+LDM초음파관리   ->67만원★ 관리정액권패키지 50/70/100만원1>결제금액에 따라 추가적립!2>관리진행시 정가에서 20% 할인된    금액으로 차감 3>다양한 관리 진행가능   (여드름/미백/보습)4>여드름 적용레이저 추가할인   (애플토닝/v레이저/블루PDT)★ #TIME 진료안내#TIME(월): 공휴일휴진#TIME  #TIME: 목요일정상진료그외 진료 일정은 기존과 동일합니다.(정상진료 외 일요일 공휴일 목요일 휴진) /웰스피부과 #OTHERS,credit,1,3/5,1.0
[Web발신](광고)부담없이!! 가전 장만하세요 #36개월 무이자 특가 모델 공개 #10년 전 그때 그 가격 #혼수/이사 BEST 패키지 전자랜드와 함께하는 동행세일 ☞ 36개월 장기무이자 결제 경품행사 ☞ 가전제품이 단돈 0원??! ─────────────  [기간 : #TIME ~ #TIME] ☞ 자세히 보기 : #URL ───────────── ① BEST 패키지 ▶ 드럼+건조기 동시구매 300만원대 ▶ 전기레인지+식기세척기 100만원대 ② 36개월 무이자 특가전 ▶ TV 행사모델 구매시 고급 사운드바 증정 ▶ 김치냉장고 한정수량 특가행사 ③ 10년 전 그때 그 가격 ▶ 부담없이 구매할 수 있는 가전 행사 ※ 상기 혜택은 행사 상품 및 조건에 한합니다. ※ 당사 사정에 따라 혜택이 변경될 수 있습니다. ※ 자세한 사항은 전문 상담사에게 문의바랍니다. *지점명 : 전자랜드 나주점 *문의전화 : #PHONE *주소 : #ADDRESS ☏ 무료수신거부#PHONE /(광고)전자랜드와 함께하는 동행세일,credit,1,3/5,1.0
[Web발신](광고) Sephora #NAME 고객님 안녕하세요 세포라 멤버만을 위한 연중 최대 전품목 할인 혜택 '세포라 뷰티 패스 세일'이 시작됩니다! '전 품목' 최대 20% 할인 + 페이코 결제시 추가 12% 까지! 지금 바로 확인해보세요♥ ■세포라 뷰티 패스 세일■ *기간: #TIME *혜택: 모든 구매 시 기본 15% 20만원 이상 구매시 20% 할인 + 페이코 결제시 추가 12% 할인 *타 프로모션 중복 적용 불가 ■ 쇼핑하러 가기 → #URL - 회원번호: #ACCOUNT - 고객등급: White 고객센터:#PHONE 수신거부:#PHONE /(광고) Sephora,credit,1,3/5,1.0
"제목없음  
[Web발신]  
""[뷰티패널]  
아래 링크를 클릭하시면 '구매 기록 방법' 안내가 보여집니다.  
  
■ 구매 기록 방법 링크  
#URL  
  
※ 구매 기록 방법 안내에 참여하셔서 내용을 모두 봐주셔야 합니다.""",credit,0,5/5,1.0
"서울청년센터 오랑 회원정보 관리 시스템 변동 안내  
[Web발신]  
안녕하세요. 서울시청년활동지원센터입니다.  

#TIME 서울시 청년몽땅정보통((구)서울청년포털) 홈페이지 오픈과 더불어 기존 [서울청년센터 오랑] 회원관리 시스템이 청년몽땅정보통 시스템으로 통합되었습니다. 그러나 기존 [서울 청년센터 오랑]회원정보가 청년몽땅정보통 신규 시스템으로 자동 이관되지 않음에 따라 청년몽땅정보통 홈페이지에 별도 가입 하셔야 합니다.  

기존 청년포털 가입자(기존 청년수당 참여자)는 청년몽땅정보통 홈페이지에 로그인하여  [SMS 수신 동의] 및 [관심정보 등록]을 해주셔야 [서울청년센터 오랑]의 서비스를 지속적으로 이용 가능합니다.  

기존 서울청년포털 회원이 아닌 “오랑멤버십” 회원분들은 청년몽땅정보통 회원가입 부탁드립니다.  

청년몽땅정보통 홈페이지 로그인 링크  
#URL  

#TIME부터는 청년몽땅정보통 회원정보에 [SMS 수신동의], [관심정보 등록]을 완료하신 분들만 [서울청년센터 오랑]의 <상담오랑>, <동네정보퐁퐁> 및 다양한 프로그램 이용이 가능합니다.  

#TIME까지 청년몽땅정보통 회원가입 안내를 드릴 예정이며, 회원가입 완료하신 분들께서는 중복 문자 수신을 방지하기 위해 아래 링크로 기존 회원관리 시스템 문자수신 거부를 해주시기 바랍니다.  

기존 시스템 문자수신거부 링크  
#URL  

감사합니다.",credit,0,5/5,1.0
"[Web발신]  
(광고)  
미리보는 내부정보 받아보기  
안녕하세요 #NAME입니다.  

무조건 끝까지 읽으세요.  

◆#TIME 유투브 추천 종목◆  

범양건영 17% 수익실현  
HMM 11% 수익실현  

금일 #TIME 우크라 재건 및 물류창고 신축수주 소식에 범양건영 20% 급등하는 모습 보셨을겁니다.  

전대미문의 경제위기가 닥쳐오는 지금 혼란을 틈타 이번에 현재 이슈중인 북한 도발관련해서 정부개입과 세력움직임 내부정보를 입수했고 이에 관련한 특별종목 500%이상 급등 예상됩니다.  

이러한 이슈들이 있을때 누군가는 뉴스를보며 걱정하지만 다른 누군가는 큰폭으로 수익을 얻어갑니다 기회 놓치지 마시고 서둘러서 입장하시기 바랍니다  

◆#TIME 오전 추천 종목◆  

범양건영 17%  

이슈관련급둥주받기(아래링크클릭)  
#URL  
#URL  

딱 300명 만 더 모시겠습니다.  
지난번 모집했던 1기 #NAME방에서 긴급으로 300명 추가 모집입니다.  
◆모두 무료로 진행되니 눈으로 확인해보시기 바랍니다◆  

천만원에 5천만원이상  
수익보실수있습니다.  
저 #NAME만 믿고 들어오세요.  

이슈관련급등주(아래링크클릭)  
#URL  
#URL  

방잠금시[#PASSWORD]입력하고 입장  

125/300 인원제한 마감시 입장불가  
일단 입장후 금일 오후 '주목  
무료거부#PHONE",credit,0,5/5,1.0
"[Web발신]  
[Op'ty방 즐기면서 #TIME까지 기다리고 플텍키트 받아가세요!]  

▶참여 방법  
1) 링크 클릭하고 3초 설문 후 나만을 위한 뷰티 오픈 채팅방(Op'ty) 입장하기  
2) Op'ty방 즐기면서 #TIME까지 기다리기  
3) 랜덤 추첨으로 1300명 플텍키트 증정(방별 최대 50명 추첨)  

▶스폐셜 플텍키트 (Special Protect Kit) 구성품  
마몽드-마이크로 딥 클렌징 폼 50ml  
프리메라-미라클 씨드 에센스 30ml  
프리메라-오가니언스 에멀젼 50ml  
한율-달빛 유자 수면팩 32ml  
스킨유-크림 로션 50g  

▶이벤트 기간  
 ~ #TIME(목)  

▶당첨자 발표  
-당첨자는 Op'ty방에서 발표됩니다.  
-각 방별 최대 50명까지 추첨합니다.  

*중복 당첨 제외임을 알려드립니다.(인당 1회제공)  
*당첨자는 개인정보 수집 동의가 필요합니다.  

URL클릭 ☞ 3초 설문 ☞ 맞춤 톡방 입장!  

▶ 지금 바로 설문참여하러 가기  
#URL  

문의사항 : #PHONE  
무료수신거부: #PHONE",credit,0,5/5,1.0
"[Web발신]  
[기아멤버스]  
포인트 소멸 예정 안내  
님께서 보유하신 기아멤버스 포인트(기존 Q포인트)가 유효기간 5년이 경과하여 소멸 예정입니다.  
아래 내용 확인하시어 소멸 전에 꼭 사용하시기 바랍니다.  
■ 소멸 예정 포인트 : 10193점  
■ 소멸 예정일 : #TIME  
■ 포인트 사용처 : AUTO Q 및 카앤라이프몰 등  
(자세한 내용은 포인트 활용안내 페이지 참조)  
: #URL  
문의처 - 소멸안내:#PHONE  
-기아 고객센터:#PHONE  
(포인트사용 고객님께서는 작거나 없을수 있으니 포인트 확인 후 사용 부탁 드립니다.)",credit,0,5/5,1.0
"[Web발신] 매달빠지는 이자, 생활비 하루하루 버티는 중이라면 '이것'을 모르기 때문! ▼확인 #URL",credit,0,5/5,1.0
[Web발신] (광고)내추럴가든 게릴라♥SALE ★오늘만 패딩/누빔할인★ #URL 무료거부 #PHONE,credit,0,5/5,1.0
"[Web발신]  
(광고)[SKT] V 컬러링 가입 이벤트 안내  

고객님 안녕하세요.  
본 문자를 수신한 고객님만 참여 가능한 V컬러링 가입 이벤트를 안내해 드립니다.  

▶ 다울대리점 신양산점 홈페이지: #URL  
▶ 라온대리점 본점 홈페이지: #URL  

■ 부산경남 V 컬러링 가입 이벤트  
- 기간: #TIME  
- 내용: 기간 내 아래 방법대로 참여한 고객님께 스타벅스 카페 아메리카노(Tall) 기프티콘 증정(선착순 300명)  
- 당첨자 발표: #TIME 당첨 고객님 핸드폰 번호로 개별 발송  

■ 이벤트 참여 방법  
① 위 URL 선택 후 클릭하여 매장 홈페이지 접속  
② 홈페이지 게시글 하단의 [V 컬러링 가입하기] 버튼 클릭 후 가입  
③ #URL에서 V 컬러링 콘텐츠 다운로드 후 설정 완료 시 이벤트 참여 완료  

■ 설날 맞이 V 컬러링 추천 영상  
- #NAME의 복많이받으링(무료)  
- #NAME의 캔디 새해 인사(무료)  
- #NAME, #NAME 등 미스터트롯 아티스트별 새해 인사(1,650원/ 부가세 포함)  

■ 문의: SKT 고객센터(#PHONE, 무료)  
※ 코로나19 확산으로 고객센터에 문의가 증가하고 있습니다. 고객센터와 전화 연결이 원활하지 않을 수 있으니 양해 바랍니다.  

SKT와 함께해주셔서 감사합니다.  

무료 수신거부 1504",credit,0,5/5,1.0
"[Web발신]  
[KT고객센터]  
안녕하세요.  
상담사 #NAME입니다  
갱신 3년 연장 결정되셨으면  
저를 꼭 찾아주세요.  
다른별도 문의는 #PHONE 요청가능합니다. 갱신 3년연장시 상 37 또는  
상 32만 +3000*36개월 요금할인  
와이파이 버디가입은 1650원 만추가 출동비 22000원 별도청구  
티비요금제 11000원짜리로 요금제하향 + 핸드폰결합시 요금인하  
추가 제휴카드할인 가능합니다  
정책은 변경되오니 사은품은  
달라질수있어요``  
#TIME 핸드폰부서에서 연락드릴수있게 접수했어요 감사합니다  
고객님 ^^ KT 입니다.  
매일 선택의 연속에서도 변함없는 사랑을 보내주신 고객님께 진심으로 감사드립니다.  
고객님의 내일을 위한 든든한 디딤돌이 되겠습니다.  
행복이 팡팡 터지는 하루 되세요 ~☆  

☎ 문의전화: 고객센터 #PHONE  

[마음을 담다 KT] 컨설턴트 #NAME 드림",credit,0,5/5,1.0
[Web발신] #ADDRESS #OTHERS 구독&댓글 #OTHERS 플러스 친구추가 해주시면 추첨을 통해 총 55분! 에게 '고추바사삭치킨+콜라 (5명) / 싸이버거(50명)' 선물을 드립니다. ★방법★ 1. #ADDRESS 카카오톡 플러스 친구 추가 #URL 2. #ADDRESS 유튜브 구독과 댓글달기 #URL 3. 위의 활동 인증샷 캡쳐 후 구글폼 제출 #URL *구글 아이디 없을 시 센터 #ADDRESS 플러스친구 1:1 채팅으로 #NAME/#PHONE/#OTHERS(3장) 전달,credit,0,5/5,1.0
"메디25-생동성/임상시험 참여모집공고 안내드려요~  
**안내 해드린 품목이 가장 빠른 날짜입니다.  
안녕하세요! #NAME 회원님~  
#URL 모집중인 공고 확인하시고 온라인 지원 해주세요~  
---------- 서울 ----------  
> 임상C : 330만원 (#TIME) 마감임박!!  
> 짧은일정-생동E : 76만원 (#TIME시작) 마감임박!!  
> 주말짧은-생동G : 76만원 (#TIME시작) 마감임박!!  
> 주말짧은-생동B : 83만원 (#TIME시작) 마감임박!!  
> 완전짧은-생동V : 60만원 (#TIME시작)  
> 짧은일정-생동M : 89만원 (#TIME시작)  
> 임상Z : 150만원(제세8.8%포함) (#TIME시작)  
> 짧은일정-생동T : 89만원 (#TIME시작)  
> 주말짧은-생동P : 76만원 (#TIME시작)  
> 임상U : 211만원(제세8.8%포함) (#TIME시작)  
> 주말짧은-생동Z : 110만원 (#TIME시작)  

---------- 경기/인천 ----------  
> 분당차 임상E-1 : 330만원(제세8.8%포함) (#TIME시작) 마감임박!!  
> 센트럴 생동K : 140만원 (#TIME시작) 마감임박!!  
> 센트럴 생동W : 57만원 (#TIME시작)  
> 인하대 임상D : 160만원(제세8.8%포함) (#TIME시작)  
> 센트럴 생동Q : 79만원 (#TIME시작)  

---------- 기타 ----------  
> 전북대 임상K : 330만원(제세8.8%포함) (#TIME시작예정)  
> 충북대 임상L-1 : 450만원(제세8.8%포함) (#TIME시작)  
> 충북대 임상T : 140만원(8.8%제세포함) (#TIME시작)  
> 충남대 임상B-2 : 350만원(제세8.8%포함) (#TIME시작) 마감임박!!  
> 경북대 임상G : 300만원(8.8%제세포함) (#TIME시작)  

즐거운 하루되세요~^^",credit,0,5/5,1.0
"[Web발신]  
[SKT] 스미싱 및 해킹 방지를 위해  
#PASSWORD 앱으로 인증번호가  
발송되었습니다.  

안전한 인증을 위해  
앱을 실행해주세요.  

*PASS(SKT전용)앱설치/실행/  
인증번호 확인하기  
#URL  

*만 14세 미만 고객은 서비스를  
이용하실 수 없습니다.  

*SMS로 인증번호 받기  
#URL  
(스미싱 및 해킹피해 발생 가능)",credit,0,5/5,1.0
"[Web발신]  
(광고)힐스테이트 불당 더원  

고객님 안녕하세요 ~~  

힐스테이트 불당 더원 #NAME 부장입니다!  

신불당 마지막 남은 입지 49층 랜드마크!  

현대건설 힐스테이트는 주거형 아파텔로 2400평 규모의 커뮤니티!  

★실내수영장 ★사우나 ★gdr골프연습장  
★스크린골프 ★스카이 라운지 ★게스트하우스 등 18개 시설 포함  

▶케이터링 서비스  
▶청소 서비스  
▶세탁 서비스  
▶방문 세차 서비스  
▶조식 중식 서비스  
▶아이돌봄 케어 서비스등  
12가지 서비스를 이용하실수 있습니다~  

계약후 5년동안 중도금 무.이.자  
청약통장 사용안함  
전매가능  
5년간 주택수 미포함  

청약  
최고 경쟁률 4.17:1  
평균 경쟁률 3.43:1  

고객님들의 많은관심과 성원에 힘 입어 청약도 잘 마무리 되었습니다^^  

#TIME부터 선착순으로 계약 진행 되오니 아직 방문 안하신분들은 꼭 오셔서 상담 받아보시길 바랍니다  

모델하우스 방문은 예약제로 진행 되니  
연락 주시면 초대장 보내드릴께요~^^  

감사 드리며, 좋은하루 되시길 바랍니다!  

☎#PHONE  

▶문자수신거부방법◀  

아래번호로 전화 후 1번을 눌러주세요.(통화료 없음)  
무료수신거부 : #PHONE",credit,0,4/5,1.0
"[Web발신]  
(광고)[PS&M (작전역점)]  
SKT 본사직영점 #TIME VIP 고객님 EVENT!!!  

★축하드립니다★  
저희매장 VIP 고객님께만 드리는 특별 할인 이벤트에  
당첨되셨습니다♥  

[VIP 고객님 제공 혜택]  
▶대상 : 문자수신자 본인만 혜택 적용가능  
▶혜택 : 요금25%할인 + 쿠폰할인 중복가능  

◈쿠폰 사용 가능 기종◈  
◎ 갤럭시S22 시리즈 → 최대 25~35만원 할인  
◎ 갤럭시 노트20 → 최대 45만원 할인  
◎ 갤럭시 플립3 → 최대 35만원 할인  
◎ 아이폰13 시리즈 → 최대 10만원 할인  
◎ 갤럭시 폴드3 → 최대 45만원할인  

(위 기종들 말고 다른기종들도 있어요^^)  
상황에 따라 금액이 달라질 수 있다는 점 참고 부탁드려요!  
조기종료 될 수 있으므로 고민하지 마시고  
서둘러주세요^^  

바로가기  
▶ #URL  

(무료ARS)수신거부 및 단골해지 :  
#PHONE",credit,0,4/5,1.0
"[Web발신]  
[T다이렉트샵 바로보상 안내]  
T다이렉트샵을 통해 개통해 주셔서 감사합니다. 고객님께서 신청하신 바로보상 서비스 절차 안내 드립니다.  

<바로보상 서비스>  
1. 전국 3대마트(홈플러스/이마트/롯데마트)에 설치된 MINTIT ATM을 통해 쓰던 휴대폰 반납  
- 가까운 MINTIT ATM 찾기 : #URL  
- ATM 방문 전 민팃 앱을 먼저 설치해주세요 (#URL)  
2. 즉시 수거 및 감정 결과 확인  
3. 입금 계좌 입력 시 당일 보상금 수령(계좌 입력방법 별도 안내 예정)  

※바로보상 자세히보기: #URL  

기타 궁금하신 사항은 MINTIT 고객센터 #PHONE으로 문의 바랍니다. (#TIME/ 점심시간 #TIME)  
감사합니다.",credit,0,4/5,1.0
"[Web발신]  
(광고)  
광고콜(인터넷 풀 광고) 하루 30콜 이상 나옵니다.  

현수막 무제한 제공 !!  
도우미 이모 2명 상시 운영중 !!  

19평형 5억 대 ~  
25평형 8억 대 ~  
35평형 11억대~  

초기진입 가벼워 져서 손님오면 계약중 ....  

수수료 한달 두번지급. 유보없음.  

총원 최대20~30명  

◎#ADDRESS 도보 10초  
◎35층 주상복합 380세대  
    (용적율700%상향)  

홍보관:#ADDRESS  
>대지  1288평중 약60% 매입 및 대물계약 완료!!  

지구단위입안확정 !!  

시공 대우건설(예정)  
계약금6천이면 수수료 OK  

일비 지급  
정착지원금 팀(5명) 200만지원(만근시 정산하여 익월지급)  

수수료 유보없슴.  

수수료  

팀원500/팀장220/총괄 (별도문의)  
1)프로모션#TIME까지 계약분에 한해 팀원100/팀장50              **추가지급**  

문의상담  
#PHONE  

무료거부  
#PHONE",credit,0,4/5,1.0
"[KANTAR] 광고평가조사 사전설문  
[Web발신]  
안녕하세요 사전설문을 진행 하실 #URL을 공유 드립니다. 조건에 해당되시는 분들께 순차적으로 연락 드리겠습니다.  

#URL  

감사합니다.  
KANTAR",credit,0,4/5,1.0
"[musai.co.kr] #TIME, 펌 시술이 예약되었습니다.",credit,0,4/5,1.0
"[Web발신]  
[성북구청]  

※기존 주소로  접속이 되지 않아 새로운 링크를 보내드립니다.  
백신 미접종자 중 아직 얀센 백신 접종 신청을 하지 않은 분들께서는 아래 주소를 통해 신청해 주시기 바랍니다.  
#URL  
----------------------------------------  
질병관리청 지자체 얀센백신 자율접종 추진과 관련하여 신청자를 모집하고 있습니다.  

만30세 이상(#TIME 이전 출생자) 얀센백신 접종을 희망하시는 분들께서는 적극 신청하여 주시기 바랍니다.  

○ 신청기한 : #TIME  
○ 대    상 : 만30세 이상(#TIME 이전 출생자) 얀센백신 접종 희망자  
  ※ 주소지 불문 내·외국인 모두 신청 가능  
○ 신청 방법 : 아래 성북구청 홈페이지를 통해 내용 작성 후 제출  
  [성북구청홈페이지]  
얀센백신 자율접종 안내 ? #URL  

  ※ #TIME부터 서울시에서 순차적으로 안내 문자 발송 예정(접종날짜, 장소 등 안내)  

아직 백신을 접종하지 못한 분들의 많은 관심 부탁드리며, 기타 문의사항은 #PHONE로 연락주시기 바랍니다.  

감사합니다.",credit,0,4/5,1.0
"(광고)제일가식자재마트  
☎전화  

☎카카오톡 문자 주문을 이용하세요  
 ☞  

#TIME  
쇼핑천국 제일가에서 고객님을 위한 혜택으로 추위를 녹이는 한 주를 시작합니다~  

◈마음까지 따뜻해지는 전단세일!  
 ☞#TIME~#TIME #TIME  
 ☞아래 링크를 누르시면 전단지 사진 및 오늘의 특가, 이벤트 등 자세한 내용을 확인할 수 있습니다.  

 ☞링크1 #URL  

 ☞링크2 #URL  

◈하남 최고의 초대형 식자재할인매장! 미사역과 연결된 편리함과 600여대의 주차공간!  

◈ 경품행사! #TIME 행운을 받으세요.  
 ☞총상금 삼천만원의 행운이 기다립니다.  
 ☞응모기간 ~#TIME #TIME까지  
 ☞자세한 내용은 전단지를 확인해 주세요.  

◈배송안내  
 ☞ 5만원이상 구매시 무료로 배송  
 ☞매주 일요일은 배송이 불가합니다.  

▶오늘의 특가  
제주감귤5kg1상자 12800  
고당도바나나1송이 1980  
왕단감5입*2줄 9800  
햇밤100g 480  
석류3개 9800  
체리1팩 9800  
샤인머스켓1상자 14800  
팩느타리3팩 980  
무우1개 980  
호박고구마1.5kg1상자 4800  
콜라비2개 1980  
샐러리1단 1480  
삼체나물1봉 11800  
궁체1봉 29800  
청경채1상자 3800  
다진마늘2kg1봉 9800  
쥬키니호박1상자 9800  
프리미엄생삼겹살1근/600g 9900  
한돈고추장주물럭1.8kg/3근 10000  
한우1+생불고기100g 3980  
국산자반中6마리/3손 9900  
오징어大3마리 9900  
숭어회1접시 19800  
횟감용생굴2봉 7980  

◈전기간 대한민국 최저가 SALE!  
배추1망 4800  
양배추1망 5800  
대파10단1묶음 16800  
수입양파15kg1망 12800  
아삭수입김치10kg1상자 12800  
세척당근10kg1상자 9800  
콩나물3.5kg1상자 각2800  
반판두부3kg1팩 4280  
한돈보쌈용앞다리1근/600g 6900  
명품초이스우삼겹1근/600g 7800  
명품미국산통LA갈비100g 2300  
호주&미국산생꽃등심100g 3580  
국산자반고등어大2마리/1손 8900  
제철과메기1접시 9900  
오징어大3마리 9900  
맛이일품쌀(구곡)20kg1포 39800  
쉐프원콩식용유18L 59800  
큐원하얀설탕15kg 17900  
특란30구1판 5980  

◈좋은상품! 정직한 가격! 친절한 서비스로 최선을 다하겠습니다.  

 ☞아래 링크를 누르시면 전단지 사진 및 오늘의 특가, 이벤트 등 자세한 내용을 확인할 수 있습니다.  

 ☞링크1 #URL  

 ☞링크1 #URL",credit,0,4/5,1.0
"[Web발신]  
(광고)아직도 첫진료 혜택 받지 않고 계신가요?  
님은 N pay 1만원 혜택 대상자이십니다.  
첫진료 회원만 누릴 수 있는 풍성한 혜택 놓치지 마세요!  

■ 혜택1  
올라케어 첫 진료 시 감사한 마음을 담아  
Npay 1만원을 드려요!  

▷ 신청방법  
1. 올라케어앱 실행 후 진료 및 약배송(퀵/택배) 신청  
2. 아래링크로 들어가 응모정보 작성하면 참여완료!  

■ 혜택2  
약 처방 시 배송비 모두 무료  

▷ 신청방법  
진료완료 후 [퀵/택배] 신청 시 자동적용  

앱실행하기▶#URL  
폼제출하기▶#URL  

안 읽으면 손해! 올라케어 선정 금주 best 인기글▼  
1. 비만치료제 삭센다 정말 괜찮을까?  
삭센다 A to Z: 효과부터 부작용까지  
▶#URL  

2. 'No 마스크 시기' 최대 고민!  
피부트러블이 고민이라면 주목!  
▶#URL  
무료거부 #PHONE  
인증 #PASSWORD",credit,0,4/5,1.0
"[LG U+]
[Web발신]
[LG U+] 스마트홈 서비스 계약변경 안내
고객님께서 신청하신 스마트홈서비스 계약변경내용에 동의해 주시기 바랍니다.
*[중요]1시간이내무응답시에는 동의하신것으로 간주합니다
▶ 스마트홈서비스 계약변경내용 동의하기
#URL",credit,0,4/5,1.0
"[Web발신]  
★ 카파스튜디오 입니다★  

★카파 vip 고객님들을 위한  
   추억 만들기  
★ 3대가족 사진 신청 이벤트★  

- 3대 가족 무료촬영  
- 액자 증정  

-전화 신청후 당첨되신분들은  
-개별 통지드립니다  

☎#PHONE  
☎#PHONE",credit,0,4/5,1.0
인터넷상담원***입니다 안녕하세요 고객님댁에 지금도 케이티사용중이시면요 #TIME자로 약정끝나셔서요 sk로 최신장비로ㅡ교체해드리면서요 현금혜택드리고자 전화드렸습니다 월초는 현금혜택이 안좋와서요 잠시만 시간되시면요 전화나문자 부탁드립니다 고객님*,credit,0,4/5,1.0
"[Web발신]  
(광고)덴프스X카쇼라  
【ON-AIR 지금 라방 진행 중】  

★Merry Denps-mas★  
UP TO 68%OFF / ~#TIME(금)  

☞라방 참가하러 가기 > #URL  

하늘에선 눈이 펑펑~  
덴프스 카쇼라에서는 혜택이 펑펑♡  

GOOD BYE 2021  
카쇼라위크 올 해 마지막 혜택  
▶카카오페이◀로 결제 시 10% 페이백!!!  

【카쇼라 단독! 덴프스 BEST 구성】  
01. 덴마크 유산균이야기 6개월분 ▶67%  
02. 덴프스 트루바이타민 3개월분 ▶64%  
03. 어린콜라겐 이너씰 6주분 ▶68%  

▷(EVENT) LIVE 구매고객 추첨  
- 덴마크 유산균이야기 6개월 분  
- 스타벅스 5,000원 기프트 카드  

▷추가혜택! 덴프스 톡채널 추가 시  
5,000원 쿠폰 x6장 증정!  

▷구매금액 별 사은품  
- 5만원 이상 → 트루바이타민(2주분)  
- 10만원 이상 → 덴마크유산균이야기(2개월 분)  

☞잠시 후 #TIME까지만!  

#건강한 일상 #행복한_라이프스타일  
나의 하루 루틴 Denps♡  

무료거부 #PHONE  
인증#PASSWORD",credit,0,4/5,1.0
"[Web발신]  
(광고)#NAME  
안녕하세요 #NAME입니다!  
올해는 유난히 날씨가 더운거 같습니다.  
#NAME 1등메뉴 용왕해신탕 드시고 무더위를 이겨내시는건 어떠실까요?  
올품닭 1kg 이상  
문어 400~500g  
전복 300그람 7~15마리  
왕새우 5마리  
국내산 약재 1팩!  
이 모든 가격이 배송비 포함  
29.900원입니다!!  
이 문자를 받으신분들께서는  
사장님써비스 전복 100그람을 더 넣어 드립니다!!  
식당가서 드시면 최소 5만원짜리입니다!  
이번중복 부모님께 선물하시고 무더위 이겨내세요!!!!  
#TIME부터 발송 가능하십니다!  

이상한 문자 아니니 아래 밴드링크 들어가셔서 주문주시거나 문자로 주문주세요!!  
#URL  
무료거부 #PHONE",credit,0,4/5,1.0
"아이스크림 홈런  
[Web발신]  
홈런 체험북 출고요청 되었습니다~  

[홈런북 로그인 안내]  

홈런북 배송 받으시면  

*아이디:#ACCOUNT  
*비밀번호:#PASSWORD  

[홈런학부모 홈페이지 신형기기안내]  
#URL  

안내장 보시며 로그인 하시고 문자 남겨 주시면 전화드려  
학습스케줄 설정과 콘텐츠 안내 드리겠습니다~ **포장 박스는 그대로 보관하시며 체험 시작 해 주세요~  
우리 자녀와 함께 홈런북 보며 안내 받으시면  
더욱 재미있고 효과적인 학습체험 시작하실 수 있으세요~  
통화 가능시간 알려 주시면 가능한 시간 맞춰 전화 드리겠습니다~  

[홈런고객감동센터]  
홈런체험 및 학습문의  
#PHONE  
평일:#TIME  
토요일:#TIME  

+체험교사 상담시간:#TIME",credit,0,3/5,1.0
"강남예쁨주의쁨의원  
[Web발신]  
(광고)[쁨강남점] 단독! 설페스티벌  
◆슈링크 유니버스 100샷 5.9만원◆  
──────────────  
※ 이벤트 발송 안내 ※  

#TIME부터 이벤트 문자메세지  
발송이 중단됩니다. '카카오톡 채널'  
[#ADDRESS] 친구 추가 후  
♥ 최대 49% 혜택 이벤트 ♥  
카카오톡 메세지를 받아보세요!  

↓쁨 카카오톡 채널 추가하기↓  
#URL  
──────────────  
예쁨 복! '설페스티벌' 특가전  
──────────────  
바로예약▷#URL  

◆◆◆  강.력.추.천  ◆◆◆  
◆슈링크 2세대 유니버스◆  

- 울트라 100샷 5.9만원!  
- 부스터 100샷 7.9만원!  

① 얼굴 윤곽3종 3.9만원  
(턱보톡스+주름보톡스+윤곽주사)  

② 국산필러 1cc 5만원  
(눈밑/애교/미간/특수부위 제외)  

③ 벨로테로 수입필러 1cc 18만원  
(모든부위 가능)  

④ 아이슈링크 100샷  
or V슈링크 100샷 5.9만원  

⑤ 슈링크300샷  
+ PS주사 9cc 11.9만  
[옵션] 리프테라 1000샷 2.6만원  

⑥ [광채 미백 올인원] 7.9만원  
(피코토닝+빛타민케어+백옥주사)  

⑦ 리쥬란힐러 1cc 9만원  

※ 기간 : ~#TIME까지  
──────────────  
● 강남쁨 #TIME 특별기획전 ●  
──────────────  
↓바로 예약↓  
#URL  

① 피부관리5회+염증주사1회 9.9만원  

② 인모드FX모드 1부위  
+ 윤곽3종 9.9만원  
(윤곽주사+아큐주사+PS주사)  

③ 트리플토닝 1회 8.9만원  

④ 슬림컷주사 300cc 11.9만원  

※ 기간 : ~#TIME까지  
──────────────  
◆ 강남점 #TIME 진료안내◆  
──────────────  
#TIME (월) ~ #TIME (화) : 휴진  
#TIME (수) : 단축진료 10:30~17:00  
※ 예약, 내원시 참고 부탁드립니다.  
───────────────  
◆ 쁨 강남점 이벤트 모두보기  
#URL  

◆ 쁨 강남점 카톡 바로예약  
#URL  

◆ 모든 시술 VAT별도  
◆ 대상 : 쁨 강남점 방문고객  
◆ #PHONE  
무료수신거부 : #PHONE",credit,0,3/5,1.0
"[Web발신]  
쌀쌀해진 가을이라 더 탁월한 이벤트  
이글루에서 즐기는 캠핑감성여행  

◎  포근한 이글루에서 멋진뷰  
     로맨틱한 프라이빗 만찬  
    <스카이 이글루 돔 패키지>  
   [상세보기] #URL  

◎ 이글루 속 별 헤는 밤  
    길어진 밤 캠핑도 길게  
    <테라스 이글루 돔 패키지>  
   [상세보기] #URL  

◎ 스카이 이글루 돔 이벤트  
    [상세보기] #URL  

◎ 라카이 시그니처 <마할로 패키지>  
    선택의 폭 넓혀 다양하게 누리기  
    [상세보기] #URL  

◎ 키즈텐트와 미리 만나는 할로윈파티  
    아이들을 위한<라라랜드 패키지>  
     [상세보기] #URL  

◎ 뷰맛집 더스카이 <스테이크 하우스>  
    동해바다를 품은 '더 스카이'에서  
    즐기는 프리미엄 다이닝  
    [상세보기] #URL  

◎  댕댕이도 함께 단풍여행<마이펫 >  
    선택의 폭이 넓어진 펫가족 패키지  
    [상세보기] #URL  

◎ 라카이 다양한 이벤트  
    [상세보기] #URL  

◎ 예약문의:#PHONE(1)  

 무료수신거부 #PHONE",credit,0,3/5,1.0
"U+ 장기고객 선 넘는 이벤트 3탄! 한가위 이벤트 안내  
[Web발신]  
(광고)[LG U+] 장기고객 추석감사선물 증정 이벤트  

장기고객님! ♥한.가.위♥ 선물받고  
풍성하고 행복한 추석 명절 보내세요.  
#한 달간 이어지는  
#가 족처럼 가까운 장기고객님께 드리는  
#위 클리 추석 감사선물 이벤트  

▶최우수고객 감사선물 응모하기  
#복순도가 막걸리 2입 Gift Set  
LG U+X복순도가의 한정판 콜라보  
-기간: #TIME  
-대상: U+ 최우수 장기고객 5천명  
-응모방법: ‘응답하라U+’ 입력하면 응모완료!  
-지금 바로 응모하기 ☞ #URL  

▶우수고객 모바일쿠폰 응모하기  
#할리스 바닐라 딜라이트(R)  
-기간: #TIME  
-대상: U+ 우수 장기고객 3만명  
-응모방법: 간단한 퀴즈풀면 응모완료!  
-지금 바로 응모하기 ☞ #URL  

▶100% 당첨되는 할인쿠폰  
#LG생활건강 11%쿠폰  
-기간: #TIME  
-장기고객 100% 무제한 증정!  
-지금 바로 응모하기 ☞ #URL  

※ 자세한 내용은 이벤트 페이지 하단의 유의사항을 참고해주세요.  

▶무료수신거부  
#PHONE  

▶[만족도 조사]  
#URL",credit,0,3/5,1.0
"[Web발신]  
(광고)지도다나와  ☎ #PHONE  
●협회MOU체결기념  
항공영상지적프로그램 폭탄세일!!  
●인터넷 다음에서 지도다나와 검색  
●인터넷 쇼핑몰 바로가기  
#URL  
●#ADDRESS 아파트/오피스텔/조감도 총람  
20~30% 특별할인 공동구매!!  
◈ 제품소개 쇼핑몰 동영상보기  
①오피스텔/도생조감도총람(책자형)  
#URL  
②주상복합아파트조감도총람(바인다/코팅형)  
#URL  
③주상복합아파트조감도총람(책자형)  
#URL  
④4-2생활권 아파트조감도총람(바인다/코팅형)  
#URL  
⑤4-2생활권 아파트조감도총람(책자형)  
#URL  
⑥생활권별 아파트조감도총람(책자형)  
#URL  
●제품공동구매가격  
①오피스텔/도생조감도총람(책자형)  
공동구매가격(1권) : 140,000원  
②주상복합아파트조감도총람(바인다/코팅형)  
공동구매가격(1권) : 160,000원  
③주상복합아파트조감도총람(책자형)  
공동구매가격(1권) : 100,000원  
④4-2생활권아파트조감도총람(바인다/코팅형)  
공동구매가격(1권) : 130,000원  
⑤4-2생활권아파트조감도총람(책자형)  
공동구매가격(1권) : 100,000원  
⑥생활권별아파트조감도총람(책자형)  
공동구매가격(각1권) : 80,000원  
●풀셋트 제품가격 별도 유선문의  
●<특가 공동구매 행사기간>  
#TIME부터 #TIME까지(7일간)  
●<공동구매조건>  
신청시 선입금기준  
●<제품배부기간 및 배부방법>  
#TIME부터~ 접수순으로  
직접배송 및 택배배송  
무료거부 #PHONE",credit,0,3/5,1.0
"[Web발신]  
[고용노동부 청년특별구직지원금 신청 안내]  

#NAME 안녕하세요.  

귀하는 청년특별구직지원금 신청대상자에 해당되므로 온라인청년센터(#URL)에서 신청하시기 바랍니다.  

심사 후 지급대상으로 확인될 경우 #TIME까지 지급할 예정입니다.  

※ 신청일 기준 취업자(고용보험가입자, 공무원, 사립학교 교직원, 군인, 사업자등록증 보유자<단, 국세청에 휴폐업을 신고한 경우 신청 가능> 등)는 지원대상에서 제외됩니다.  

※ 지원대상이 예산범위를 초과할 경우 우선순위에 따라 예산범위 내에서 지급될 수 있습니다.  

※ 핸드폰 번호 변경 등으로 수신자가 #NAME이 아니신 경우 지원금 대상에 해당되지 않사오니 이점 양해하여 주시기 바랍니다.",credit,0,3/5,0.0
"[Web발신]  
호반베르디움 스테이원  

만 19세~39세 신혼부부·청년만이  
누리는 977세대 역대급 아파트!  
부담은 가볍게! 생활은 폼나게!  

고객님께서는 호반베르디움 스테이원의 “서류 심사 대상자”로 선정되셨습니다.  

아래 일정에 따라 자격 확인 서류를 제출하여 주시기 바랍니다.  

▶ 서류 제출 일정  
- 서류제출 : #TIME ~ #TIME까지 [9일간]  
- 당첨자발표 : #TIME 예정  
- 서류제출 방법   
    ① 당사 홈페이지 (#URL) 접속  
    ② [고객센터] 내 [서식다운로드]에서 해당 공급유형별 양식 다운로드 및 출력  
    ③ 서식 다운로드 후 출력 및 작성   
    ④ 이메일, 우편, 방문 제출의 방법으로 서류 제출    

▶ e-mail : #EMAIL  
▶ 우편·방문제출 주소 : #ADDRESS  
 ※ 주택체험관은 주차가 불가하오니 대중교통을 이용 바랍니다.  
(#OTHERS, #OTHERS 방향 200M)  

※ 코로나19 확산 및 주택체험관 혼잡 방지를 위하여 “이메일” 또는 “우편” 접수를 권장드립니다.  

※ 제출하신 서류 검수 후 부적격 소명 사유 등이 확인될 경우 소명 절차에 대해 별도 안내드릴 예정이오니 #PHONE, 우편물 수령 주소 등 기입에 착오 없으시기 바랍니다.  

※ 모든 제출 서류는 임차인 모집공고일(#TIME) 이후 발행분에 한하여 인정되오니 유의 바랍니다.  

자세한 사항은 홈페이지 내 ""서류심사대상자 서류제출 안내문"" 확인 또는 대표번호로 문의 바랍니다.  

감사합니다.  

▶ 대표번호 : #PHONE",credit,0,3/5,0.0
"[Web발신] (광고)[백마장대리점 녹양직영점] #NAME 단골고객님

#TIME의 한정수량  특가폰 안내드립니다 ^^

■ 갤럭시 플립2
  O 출고가 165만원 공시할인시 > 199,800원
  O 캡스 CCTV 상품 6개월 무료 이용
  O 재방문 고객 요금할인 4만원 요금지원
  O 구매시 갤럭시워치4 or 갤럭시탭 증정
  O 이벤트 응모페이지 : #URL

■ 워치4 or 태블릿 행사 가능모델
  O 갤럭시S22 시리즈
  O 갤럭시 폴드 플립 시리즈
  O SK전용모델 갤럭시 퀀텀3

※ 매장으로 전화주시면 자세히 안내해 드리겠습니다.

바로가기
▶ #URL

(무료ARS)수신거부 및 단골해지 : 
#PHONE",credit,0,3/5,0.0
"[Web발신]  
[120경기도콜센터]  
경기버스정보시스템 확인 결과 #ADDRESS #PHONE 확인됩니다. 검색 정보로 정확하지 않을 수 있고, 차고지 운영상황에 따라 통화가 어려울 수 있는 점 양해 부탁드립니다. 목적지까지 안전하게 이동하세요.",credit,0,3/5,0.0
"[Web발신]  
(광고)[SKT] T다이렉트샵 혜택 안내

 고객님, 안녕하세요.  
T다이렉트샵에서 LG 휴대폰 이용 고객 대상 15만원 특별보상을 소개해 드립니다.

■ T다이렉트샵 LG 휴대폰 특별 보상 안내  
① 기간: #TIME (개통일 기준)  
② 사용하던 LG 휴대폰을 반납하고 갤럭시 S21을 구매하시면 기본 보상 금액에 15만원을 추가 보상해 드립니다. (일부 기종 제외)  
※자세한 내용은 기획전 페이지에서 확인해 주세요.

▶기획전 페이지 보기: #URL

더 자세한 설명이 필요한 고객님은 T다이렉트샵 고객센터로 전화 주시면 친절하게 안내해 드리겠습니다.

■ 문의: T다이렉트샵 고객센터(#PHONE)  
※ 코로나19 확산으로 고객센터에 문의가 증가하고 있습니다. 고객센터와 전화 연결이 원활하지 않을 수 있으니 양해 바랍니다.

SKT와 함께해주셔서 감사합니다.

무료 수신거부 #PHONE",credit,0,3/5,0.0
"[Web발신]  
[SKT] 휴대폰결제가 실패되었습니다.  

- 요청 일시 : #TIME  
- 요청 사이트 : CJ올리브네트웍스[#PHONE]  
- 요청 금액 : 3,300  
- 결제 대행사 : 모빌리언스[#PHONE]  
- 실패 사유 : [휴대폰결제 이용동의] 미가입  

온라인/모바일 쇼핑몰, 구글 Play, 원스토어, APP store 등 다양한 사용처에서 휴대폰결제 서비스를 이용하기 위해서는 [휴대폰결제 이용동의]를 신청해 주셔야 합니다.  

[휴대폰결제 이용동의]는 ARS 또는 T world를 통해 신청 가능합니다.  

▶ARS : 국번없이 #PHONE (통화료 무료, 본인 휴대폰에서 이용 가능)  
▶T world 바로가기 : #URL",credit,0,3/5,0.0
"[Web발신]  
콘텐츠이용료(Google) [결제]  
 
* 가격 : 9,900 원  
* 상품명 : 900포스 (포스텔러 - 신년운세, 사주, 타로, 궁합, 점성술)  
* 주문번호 : #TRACKING  
* 구매일시 : #TIME  
 
▶'미리납부’ 방법과 ‘이벤트’ 확인하기  
#URL  
 
▶ 상품구매관련 문의는 판매자  
#NAME  
(#EMAIL)  
으로 연락주세요  
 
▶ Google Play 결제취소 문의:  
#PHONE(평일 AM9~PM6) 또는 #URL  
 
▶ YouTube Premium 결제취소 문의:  
#URL",credit,0,3/5,0.0
"[Web발신]  
[SKT]카드 자동납부 처리 결과 안내  

당월 카드자동납부 처리 결과 미승인  
되었습니다. (기준일 : #TIME)  

[상세내역]  
①서비스번호 : 이동전화  
(자동납부접수번호 : #TRACKING)  
②납부하실 금액 : 103,180원  

다른 방법으로 납부하고자 하시는 경우, 고객님만을 위한 입금전용계좌납부를 이용해 주시기 바랍니다.  

[고객님만을 위한 입금전용계좌번호]  
신한은행  
농협  
※ 예금주 : #NAME  

[SK텔레콤 고객센터 연락처]  
- 이동전화 : 휴대폰 114(무료)  
- 유선서비스 : #PHONE(무료)",credit,0,3/5,0.0
"[인터파크투어]  
[Web발신]  
[인터파크투어]  
안녕하세요. 인터파크 투어입니다.  
[인생오늘만] 보라카이 라까멜라 무료 룸UP 6일으로 전화드렸으나 부재중으로 문자남겨드립니다.  
실시간 항공 및 리조트 마감되실 수 있으니 빠른연락부탁드립니다. 감사합니다.  

업무시간 #TIME - #TIME  
※공휴일, 주말은 업무 진행이 없습니다.  
담당자 #NAME / #PHONE",credit,0,3/5,0.0
"[Web발신]  
[SKT] 휴대폰 결제 이용 (재)동의 완료 안내  

고객님, 안녕하세요.  
휴대폰 결제 이용에 (재)동의하셨습니다. 온라인/모바일 쇼핑몰, 구글 플레이, 원스토어 등 다양한 사용처에서 휴대폰 결제 서비스를 이용해보세요.  

■ 이용 한도  
- 휴대폰 결제 이용 한도는 [휴대폰 결제 최대 100만 원/월], [콘텐츠 이용료 최대 100만 원/월]입니다. 단, 안전한 이용을 위해 고객님마다 일정 기간 이용 한도가 제한될 수 있습니다.  
- 이용 한도는 SK텔레콤 고객센터(#PHONE) 및 T월드 홈페이지/앱에서 변경할 수 있습니다.  

▶ 휴대폰 결제 이용한도 변경 바로가기 : #URL  

▶ 콘텐츠이용료 이용한도 변경 바로가기 : #URL  

■ 청구 방법  
- 휴대폰 결제 금액은 이용한 다음 달 SK텔레콤 요금안내서에 합산 청구됩니다.  
- 휴대폰 결제 금액은 휴대폰 결제, 콘텐츠 이용료로 구분하여 표시되며, SK텔레콤 통신요금과는 별도의 금액입니다.  

■ 문의: SK텔레콤 고객센터(#PHONE)  

※ 자세한 내용과 통신과금 서비스 이용 약관 전문은 T월드 홈페이지/앱에서 확인하실 수 있습니다.  

SKT와 함께해주셔서 감사합니다.",credit,0,3/5,0.0
[Web발신] 오르 #TIME에 주문번호: #TRACKING가 결제완료 되었습니다.,credit,0,3/5,0.0
"[Duckzill] #NAME님의 주문이 결제완료 되었습니다. □주문번호 : #TRACKING □결제금액 : 17,000원 이용해주셔서 감사합니다. ▷[Duckzill] 바로가기 : #URL",credit,0,3/5,0.0
"[피지오겔] 
안녕하세요. #NAME!

결제완료 되었습니다. (하트뿅)

- 날짜 : #TIME
- 주문번호 : #TRACKING

피지오겔을(를) 사랑해주셔서 감사합니다. (굿)

▷ 피지오겔 바로가기
#URL
고객센터
()",credit,0,3/5,0.0
"[Web발신]  
콘텐츠이용료(Google) [결제] 
 
* 가격 : 10,450 원 
* 상품명 : YouTube Premium 
* 주문번호 : #TRACKING 
* 구매일시 : #TIME 

▶'미리납부’ 방법과 ‘이벤트’ 확인하기 
#URL 

▶ 상품구매관련 문의는 판매자 
#NAME 
(#URL) 
으로 연락주세요 

▶ Google Play 결제취소 문의:
#PHONE(평일 AM9~PM6) 또는 #URL 

▶ YouTube Premium 결제취소 문의:
#URL",credit,0,3/5,0.0
"[Web발신]  
(광고)[SKT] 클라우드베리 <백업 얼리버드 이벤트> 안내  

고객님, 안녕하세요.  
<파일 백업 PC 프로그램>으로 클라우드베리 파일을 백업하고 시원한 아메리카노를 받아 보세요.  

■ 이벤트 내용  
- 이벤트 기간: #TIME  
- 이벤트 혜택: 스타벅스 아이스 카페 아메리카노(Tall) 1잔(* 모바일 기프티콘 발송)  
- 당첨 조건: 이벤트 기간 안에 파일 백업 후 이벤트를 신청한 고객님(500분 추첨)  
- 당첨자 발표: #TIME, 클라우드베리 홈페이지를 통해 공지 안내  

▶ 이벤트 자세히 보기: #URL  

▶ 파일 백업 PC 프로그램 이용 안내: #URL  

■ 서비스 종료 관련 문의  
- 클라우드베리 앱: 더 보기 > 문의하기  
- 전화: SKT 고객센터(#PHONE, 무료), SKT 플랫폼 고객센터(#PHONE, 유료)  

※ 코로나19 확산으로 고객센터에 문의가 증가하고 있습니다.  
고객센터와 전화 연결이 원활하지 않을 수 있으니 양해 바랍니다.  

※ 이 메시지는 #TIME 기준, 클라우드베리 서비스를 이용 중인 고객님께 발송되었습니다.  

SKT와 함께해주셔서 감사합니다.  

무료 수신거부 #PHONE",credit,0,3/5,0.0
"[Web발신]  
[SKT] 휴대폰 결제가 실패되었습니다.  

- 요청 일시 : #TIME  
- 요청 사이트 : (주)야놀자[#PHONE]  
- 요청 금액 : 40,000  
- 결제 대행사 : 다날[#PHONE]  
- 실패 사유 : [1회 이용한도 초과]  

▶ 이용한도 변경 바로가기 : #URL  

▶ 선결제 바로가기 : #URL  

♣ [이번 달] 이용 내역 안내  
- 사용가능 금액 [100,000] 원  
- 누적사용 금액 [0] 원  
- 잔여 사용가능 금액 [100,000] 원  

※ 1일/1회 이용한도를 별도로 설정한 경우, 사용가능 금액과 무관하게 이용이 제한됩니다.",credit,0,3/5,0.0
"[화성시 통합예약시스템 ‘마음드림 이벤트’]  
[Web발신]  
[화성시 통합예약시스템 ‘마음드림 이벤트’]  

통합예약시스템 시민과 通하는 통합예약  
이벤트를 개최합니다  
통합예약시스템에 민선8기  
응원 메세지를 남겨주세요.  
이벤트에 참여해 주신 분들 중 추첨을 통해 총 356명에게 선물을 드립니다.  

* 참여 인원수에 따라 구분하여 1! 2! 3!  
맞춤 선물을 추첨을 통해 드려요.  

- 대상 : 통합예약시스템 가입 및 이용 시민 누구나  
- 기간 : #TIME  
- 방법 : 통합예약시스템 프로그램 참여 후, 참여 인증 및 응원메시지 남기기!  

▶이벤트 안내 바로가기  
#URL",credit,0,3/5,0.0
"[Web발신]  
MBTI에 따라 자산관리 방법이 다르다?!  
자산관리TIP 이용하고 ""이모티콘+커피쿠폰"" 받아가세요!  

안녕하세요! #OTHERS 가입자님. 서민금융진흥원에서 #OTHERS 가입자를 대상으로 '자산관리TIP' 서비스를 오픈하였습니다!  
고객님의 MBTI별로 추천드리는 자산관리TIP 서비스를 받아보시고, 귀여운 카카오톡 이모티콘과 커피쿠폰 받아가세요!  

☆ 서비스 참여자 ""전원"" 카카오톡 이모티콘 제공!  
☆ 추가로 추첨을 통해 ""1,000분께 커피쿠폰"" 제공!  

▶ 이벤트 기간: #TIME 까지  
▶ 참여방법: 서금원 APP 내 '자산관리TIP' 서비스 이용 시 자동응모  
▶ 결과발표: #TIME 서민금융진흥원 카카오톡 공식채널을 통해 발표  
* 결과발표 당시 서금원APP 회원이 아닌 경우 경품수령이 어려울 수 있습니다.  

※ 청년층을 위한 저금리 생활자금이 필요하다면, 올해 한시적으로 시행중인“햇살론유스 특례보증(최대 500만원, 대출금리 3.5%)”을 서민금융진흥원 App에서 신청해보세요.  

[참여하러가기]  
#URL",credit,0,4/5,0.0
"[Web발신]  
(광고)L.POINT 회원 전용 EVENT 안내! 조회시 1천P 적립! 대출 실행후 최대 5만P 추가 적립까지!  

▶자세히보기: #URL  

▶EVENT  
-L.POINT회원 인증후 한도조회시 1천P 적립  
-신규 실행시 5만P 적립(금액 2천만원 미만 3만P 적립)  
-기간:#TIME  
-기간 중 1인1회 참여 가능, POINT 익월말 적립 예정  
-기간내 모바일 앱/웹, 홈페이지, ARS(#PHONE)를 통한 거래에 한함(단, L.POINT 외 제휴채널 및 모집인을 통한 거래는 적립 대상 제외)  

▶L.POINT회원 전용 상품  
-대출한도:300만원~1.5억원  
※대출금리:5.4%~18.9%(고객신용도별 차등)  
※취급수수료 및 중도상환수수료:없음  
※연체금리:약정금리+3% (단, 법정 최고금리 이내)  
-이자납입일:매월 후취  
-대출상환방법: 원(리)금균등분할상환, 만기일시상환(고객신용도별 상이)  

▶유의사항  
-대출 취소 시 POINT 적립 불가합니다.  
-기간내 타 EVENT와 중복 참여 시 중복 지급되지 않습니다.  
-L.POINT회원 전용 중금리상품은 모바일 앱/웹, 홈페이지, ARS에서 L.POINT회원 인증 후 한도조회 가능합니다.  
-대출취급이 부적정한 경우(개인신용평점 낮음, 연체사유 발생 등) 대출이 제한될 수 있습니다.  
-금융소비자는 해당상품 또는 서비스에 대하여 충분히 설명을 받을 권리가 있으며, 그 설명을 듣고 내용을 이해한 후 거래하시기 바랍니다.  
-여신심사를 통한 대출실행의 결정은 회사가 하며, 당사 여신규정 및 고객님 신용도에 따라 대출이 거절될 수 있습니다.  
-계약을 체결하기 전에 금융상품설명서와 약관을 확인하시기 바랍니다.  
-관련 문의:#OTHERS  

※상환능력에 비해 대출금이 과도할 경우, 귀하의 개인신용평점이 하락할 수 있습니다.  
※개인신용평점 하락 시 금융거래와 관련된 불이익이 발생할 수 있습니다.  
※일정기간 원리금을 연체할 경우, 모든 원리금을 변제할 의무가 발생할 수 있습니다.  
▶고객 신용도 등에 따라 금리가 차등적용되며, 대출이 제한될 수 있습니다.  
▶여신금융협회 심의필 제2021-L1f-04744호(#TIME)  

※ 본 문자 메시지는 엘포인트 광고성 문자를 수신 동의하신 고객님께만 발송되었습니다. (수신 동의여부는 전 영업일자 기준으로 발송시점의 동의여부와 상이할 수 있으니 양해를 부탁 드립니다)  

L.POINT 고객센터 #PHONE  
L.POINT 무료거부 #PHONE",credit,0,4/5,0.0
"[Web발신]  
(광고)[SKT] 웰컴저축은행 중금리대출 안내  

고객님, 안녕하세요.  
SK텔레콤에서 웰컴저축은행의 중금리대출을 소개해 드립니다.  
연 5.9%~19.4% 금리로 최대 1억 원까지 대출받으실 수 있습니다.  
신용평점에 영향 없이 중금리대출 가능 여부를 알아보세요.  

■ 웰컴저축은행 중금리대출 혜택  
- 문자를 받으신 고객님께 우선 상담 제공, 당일 대출 가능  
- 생활 자금, 사업 운영 자금도 대출 가능  
- 최대 84개월의 넉넉한 상환 기간  
※ 당일 대출 여부는 접수 시간과 심사 상황에 따라 달라질 수 있습니다.  

▶ 웰컴저축은행 중금리대출 신청하기:  
#URL  

- 대출 한도: 최대 1억 원  
- 대출 금리: 연 5.9%~19.4%  
- 대출 기간: 6개월~84개월  
- 대출 대상: 만 20세 이상 소득 증빙이 가능한 일반인, 신용 점수 300점 이상(NICE신용평가 기준)  
- 연체 금리: 대출 금리+연 3% 이내(최대 19.9%)  
- 상환 방법: 만기 일시 상환, 원리금 균등 분할 상환  
- 이자 납입 방법: 매달 후취  
- 중도상환수수료: 2.0% 이내(대출 취급일로부터 3년 이상 거래 시 면제)  
- 인지세: 5천만 원 초과 대출 시 3만 5천 원  

※ 계약 체결 전 상품설명서 및 약관을 확인하시기 바랍니다.  
※ 해당 상품에 대해 충분한 사전 설명을 받을 권리가 있으며, 설명을 이해한 후 거래하시기 바랍니다.  
※ 과도한 대출은 개인신용평점 하락의 원인이 될 수 있습니다. 개인신용평점 하락으로 금융거래의 제약 또는 불이익이 발생할 수 있습니다. 연체 시 계약 기한 만료 전 원리금 변제 의무가 발생할 수 있습니다.  
웰컴저축은행 준법감시인 심의필 제3069호(#TIME~#TIME)  

■ 문의  
- 이벤트문의 : 웰컴저축은행 대출상담(#PHONE, 평일 오전 #TIME~오후 #TIME)  
- 기타 문의 : SKT 고객센터(#PHONE, 무료)  

감사합니다.  

무료 수신거부 #PHONE",credit,0,4/5,0.0
[Web발신] (광고)탕차이니즈 중국유학 봄학기 모집 #URL 무료거부#PHONE,credit,0,4/5,0.0
"[Web발신]  
[GS SHOP] #NAME 사료 샘플키트 대체상품 배송 안내

고객님, 먼저 GS SHOP 이용과 관련해 불편을 드리게 된 점 진심으로 사과드립니다.

주문하신 [후새 강아지/고양이 사료 샘플키트] 상품이 주문폭주로 인하여 준비된 수량 품절로 확인되어 대체 발송 안내드립니다.

■ 주문상품 - 후새 유리너리 샘플키트  
■ 대체상품 - 후새 6종 혼합키트

대체 상품은 공휴일제외 #TIME 배송될 예정이오니 양해부탁드립니다.

대체품 발송을 원하지 않으실 경우 GS SHOP 고객센터로 연락 부탁드립니다

다시한번 당사의 관리 소홀로 불편을 드려 대단히 죄송합니다

※ 전일자 기준 데이터이므로 취소고객에게도 문자 발송 됨을 양해바랍니다.  
☞ 1:1모바일상담 : #URL  
☞ GS SHOP 고객센터 #PHONE",credit,0,4/5,0.0
"[Web발신] #OTHERS 구독료 입금부탁드립니다 (#TIME) #ACCOUNT #OTHERS 7,000원",credit,0,4/5,0.0
"[Web발신]  
[SKT] 휴대폰 결제가 실패되었습니다.  

- 요청 일시 : #TIME  
- 요청 사이트 : #OTHERS  
- 요청 금액 : 30,400  
- 결제 대행사 : #OTHERS  
- 실패 사유 : [당일 이용한도 초과]  

※ 이용금액을 선결제하면, 즉시 이용한도가 복원됩니다.  

▶ 이용한도 변경 바로가기 : #URL  

▶ 선결제 바로가기 : #URL  

♣ [이번 달] 이용 내역 안내  
- 사용가능 금액 [300,000] 원  
- 누적사용 금액 [177,670] 원  
- 잔여 사용가능 금액 [122,330] 원  

※ 1일/1회 이용한도를 별도로 설정한 경우, 사용가능 금액과 무관하게 이용이 제한됩니다.  

※ 온라인 쇼핑몰에서 일부 금액만 취소하는 경우, 일시적인 한도 초과로 결제가 실패될 수 있습니다. 이 경우 해당 사이트 또는 결제 대행사로 문의해주시기 바랍니다.",credit,0,4/5,0.0
"[Web발신]  
[SKT] 휴대폰 결제가 실패되었습니다.  

- 요청 일시 : #TIME  
- 요청 사이트 : #OTHERS  
- 요청 금액 : 7,950  
- 결제 대행사 : #OTHERS  
- 실패 사유 : [이번 달 이용한도 초과]  

※ 이용금액을 선결제하면, 즉시 이용한도가 복원됩니다.  

▶ 이용한도 변경 바로가기 : #URL  

▶ 선결제 바로가기 : #URL  

♣ [이번 달] 이용 내역 안내  
- 사용가능 금액 [100,000] 원  
- 누적사용 금액 [202,993] 원  
- 잔여 사용가능 금액 [0] 원  

※ 온라인 쇼핑몰에서 일부 금액만 취소하는 경우, 일시적인 한도 초과로 결제가 실패될 수 있습니다. 이 경우 해당 사이트 또는 결제 대행사로 문의해주시기 바랍니다.  
※ 다회선 이용고객의 경우 [잔여 사용가능 금액]이 다를 수 있습니다.",credit,0,4/5,0.0
"[Web발신]  
[멜론]콘텐츠이용료 정기결제가 완료되었습니다.

- 결제일시 : #TIME  
- 결제금액 : 11,990원  
- 서비스업체 : 카카오  
- 이용내역 문의처 : #PHONE  
- [누적]결제금액 : 11,990원",credit,0,4/5,0.0
"휴대폰결제(콘텐츠이용료) 성공 안내  
[Web발신]  
[멜론]콘텐츠이용료 정기결제가 완료되었습니다.  

- 결제일시 : #TIME  
- 결제금액 : 11,990원  
- 서비스업체 : #OTHERS  
- 이용내역 문의처 : #PHONE  
- [누적]결제금액 : 11,990원",credit,0,5/5,0.0
"[해당 알림톡은 햇살론유스 이용자를 대상으로 발송되는 안내 메시지 입니다.]

안녕하십니까, #OTHERS입니다.
햇살론유스 이용 고객님께 추가대출 제도를 안내드립니다.

ㅁ (추가대출) 직전대출 이후 #TIME 경과 시 햇살론유스 추가 대출이용 가능
   ㅇ 생애한도 최대 1,200만원 이내, 일반생활자금 연간 600만원 이내, 특정용도자금 연간 900만원 이내

ㅁ (심사기간) 신청 건 집중으로 소요기간 약 1주~2주 내외 소요

ㅁ (신청절차) 서금원 App을 통한 보증가능여부 확인

※ 보증심사 및 대출심사시 소득, 신용정보 변동 등에 따라 이용이 어려울 수 있습니다.",credit,0,5/5,0.0
"[Web발신]  
(광고)[SKT] 데이터 분석, 풀스택 개발 등 무료 교육 안내  

고객님, 안녕하세요.  
SK텔레콤 고객님께 #TIME 무료 IT 교육을 안내드립니다.  
삼성 청년 SW 아카데미(SSAFY) 위탁 운영사 멀티캠퍼스가 야심차게 준비한 #데이터분석 #풀스택 등 다양한 분야를 멀티잇 취업 캠프에서 학습해 보세요.  

#TIME 기준 비전공자 수강생 비율이 80% 이상! IT 전공자는 물론 비전공자까지 수강할 수 있도록 체계적인 커리큘럼이 준비되어 있습니다.  
당신과 취업을 잇(IT)다! 멀티잇 취업 캠프의 각 과정별 자세한 커리큘럼은 아래 #URL을 통해 확인해 보세요.  

■ 데이터 분석&웹 개발자 취업 캠프(Python)  
- 신청 기간: #TIME까지  
- 교육 기간: #TIME~#TIME  
▶ 신청하기: #URL  

■ 웹 서비스 개발자 취업 캠프(Java)  
- 신청 기간: #TIME까지  
- 교육 기간: #TIME~#TIME  
▶ 신청하기: #URL  

■ 데이터 시각화&분석 취업 캠프(Python)  
- 신청 기간: #TIME까지  
- 교육 기간: #TIME~#TIME  
▶ 신청하기: #URL  

■ 풀스택 개발자 취업 캠프(Python)  
- 신청 기간: #TIME까지  
- 교육 기간: #TIME~#TIME  
▶ 신청하기: #URL  

■ 문의: 멀티캠퍼스 IT 취업 교육  
- 카카오톡 1:1상담(#URL)  

※ 이 메시지는 SK텔레콤에서 혜택/광고 수신에 동의하신 고객님께 보내 드렸습니다.  

감사합니다.  

무료 수신거부 #PHONE",credit,0,5/5,0.0
"서울시 학자금대출 이자지원 최종결과 공지  
[Web발신]  
안녕하세요. 서울시 청년청입니다.  
귀하께서 #TIME 학자금대출 이자지원 사업에 선정되어 이자가 지급되었습니다.  
이자지원은 기존대출 원리금에서 이자지원액만큼 차감하는 것으로 <한국장학재단> 홈페이지를 통해 금액과 세부내역을 확인해보실 수 있습니다.  
※ 개인별 지원내역 확인 : 한국장학재단 홈페이지 → 학자금대출 → 학자금뱅킹 → 학자금대출상환 → 대출내역 → 대출계좌번호 클릭 → 오른쪽 비고란에 ‘지자체 이자지원’  
자세한 내용은 서울청년포털 공지사항을 참조바랍니다.  
더불어 현재 #TIME에 대한 학자금대출 이자지원을 #TIME까지 접수(서울청년포털에서 신청) 중에 있으니 참고하여 주시기 바랍니다. 감사합니다.",credit,0,5/5,0.0
"[Web발신] 님, 안녕하세요? #ADDRESS 담당자입니다. 77차 인센티브 평가 결과, 대상자로 확정되어 마일리지를 받으셨습니다. 에코마일리지 홈페이지(#URL)에 로그인하여 마일리지를 사용하실 수 있습니다(#TIME). ☎ 문의 : #PHONE(강서구 에코마일리지 담당자를 찾으세요) * 승용차마일리지(#URL)에도 가입하여 혜택을 받으세요.",credit,0,5/5,0.0
"[현대Hmall/주문완료]  
[Web발신]  
[현대Hmall] 주문 완료  
안녕하세요 고객님, 주문이 완료되었습니다. 고객님의 소중한 상품 정성스레 준비해서 보내드리겠습니다.  
▶ 주문일자 : #TIME  
▶ 상품명 : [스타일온에어]세루티 21FALL 비엘라 니트(#TRACKING) 외 1건  
▶ 결제금액 : 55,960원  
▶ 배송지 : #ADDRESS  
▶ H.Point : 20P 적립예정  

상세내용 확인 : #URL",credit,0,5/5,0.0
"제목없음  
[Web발신]  
[느와르블랑]  
앨범완성되어 #ADDRESS 확인차 연락드립니다. 편하실때 전화주세요:)  

※본 발신번호는 문자 수신이 불가능합니다.",credit,0,5/5,0.0
"[제이스타일]  
안녕하세요.  

고객님께서 주문하신 상품이 금일 발송처리되었습니다.  

- 주문번호: #TRACKING  
- 상품명: 레민드 린넨 헨리트임넥 블라우스 외 1건  
- 택배사: 우체국택배  
- 송장번호: #TRACKING  

※배송 예정일:  
공휴일 제외, #TIME 내에 수령 예정  

▶ 제이스타일 바로가기  
#URL  
고객센터  
#PHONE",credit,0,5/5,0.0
"국세청에서 발송한 전자문서가 도착했습니다.

안녕하십니까. 국세청에서 안내드립니다.

미리 납부한 세금이 실제 납부할 종합소득세 보다 많은 경우 종합소득세 신고를 하시면 차액을 환급받으실 수 있습니다.

국세청에서 환급금을 미리 계산하여 안내해 드리니 아래 “열람하기” 를 눌러 환급예상세액을 확인(본인인증 필요) 하신 후 손택스(모바일 앱) 또는 국세청 홈택스(#URL)에서 환급신고 하시기 바랍니다.

■ 신고문의 : ☎ #PHONE 

- 보낸이 :  국세청
- 받는이 : 
- 내용 : 종합소득세 기한후환급신고안내
- 열람가능시간 : #TIME까지
- 국세상담센터 : #PHONE

본 기관은 각종 중요문서 또는 통지서 등을 고객님의 카카오톡을 통해 전달하고자 합니다. 안내문을 쉽고, 편하게 받아보시려면 아래 열람 버튼을 눌러주세요.",credit,0,1/5,0.0
"[Web발신]  
[KT안내] OTT구독 디즈니+ KT멤버십 할인 혜택 종료 안내

안녕하세요. 고객님, KT입니다.

고객님께서 이용 중이신 KT OTT구독 디즈니+ KT멤버십 할인 혜택(월 1,000원 할인/KT멤버십 포인트 차감)이 #TIME자로 종료됨을 알려드립니다.  
#TIME부터 정상 요금으로 청구되오니 이용에 참고하시기 바랍니다.

[정상 요금]  
▶ 디즈니+(KT멤버십) : 9,900원

[주의사항]  
▶ 정상 요금 청구는 #TIME 명세서(#TIME 사용분)부터 반영될 예정입니다.

고객님을 위해 항상 최선을 다하는 KT가 되겠습니다.

감사합니다.

☎ 문의전화: 고객센터114",credit,0,1/5,0.0
"[Web발신]  
[KT] #TIME  

납부하실 금액 : 2,040 원  
이용기간 : ~  
서비스번호 :  
고객명 :  
명세서번호 :  
이용하신 금액 : 0 원  
미납요금 : 2,040 원  

[이용하신 내역]  

[납부정보]  
납기일 : #TIME  
예금주 :  
은행명 : 농협은행  
전용입금계좌 :  

[고객센터(유료)]  
유선 100 / 무선 #PHONE",credit,0,1/5,0.0
"[대성마이맥] 주문이 완료되었습니다.  
■ 주문일자 : #TIME  
■ 주문번호 : #TRACKING  
■ 주문내역 : [2023] Read N` Logic [빈칸완성]  
■ 결제금액 : 0",credit,0,1/5,0.0
"[Web발신] [NS홈쇼핑] 고객님의 NS적립금9,920원이 #TIME 소멸 예정입니다.",credit,0,1/5,0.0
"[제이스타일]  
안녕하세요.  

고객님께서 주문하신 상품이 금일 발송처리되었습니다.  

- 주문번호: #TRACKING  
- 상품명: 레민드 린넨 헨리트임넥 블라우스 외 1건  
- 택배사: 우체국택배  
- 송장번호: #TRACKING  

※배송 예정일:  
공휴일 제외, #TIME 내에 수령 예정  

▶ 제이스타일 바로가기  
#URL  
고객센터  
#PHONE",credit,0,1/5,0.0
"[10x10] 주문완료안내

고객님의 주문이 결제완료되었습니다.
주문해주셔서 감사합니다.

■ 주문번호 : #TRACKING
■ 결제금액 : 9,260원

정확한 배송을 위해
아래 정보를 확인해주세요.

■ 배송지 :
■ 상품명 : 2023 오디너리 아카이브 다이어리 (날짜형)",credit,0,1/5,0.0
"결제가 완료되었습니다.

과정명 : AIDE 2급 중급 패키지
결제금액 : 31,000원
수강기간 : 2023-01-04까지

감사합니다.",credit,0,1/5,0.0
[Web발신] [GS SHOP] 주문하신 [[헤지스골프] #TRACKING ]는 #TIME 배송될 예정입니다. 배송이 지연되어 죄송합니다. 문의는 #PHONE로 연락 바랍니다.,credit,0,1/5,0.0
"[인포벨홈쇼핑] #NAME, 안녕하세요. 쇼킹마스터(1세트) 주문이 완료되었습니다.

■ 결제시각 : #TIME  
■ 주문번호 : #TRACKING  
■ 결제금액 : 27000원  

이용해주셔서 감사합니다. 언제나 좋은 상품을 제공하는 인포벨홈쇼핑이 되겠습니다.",credit,0,1/5,0.0
"[T 우주] <우주패스slim> 이용 안내  
고객님, 안녕하세요.  
#TIME부터 <우주패스 slim>의 새로운 이용기간이 시작됩니다. T 우주와 함께해 주셔서 감사합니다. (결제 금액: 2,900원)",credit,0,1/5,0.0
"[Web발신]  
(광고)다비치안경체인  
[다비치안경체인]  

★☆★BLACK FRIDAY★☆★  
#TIME까지!  
 전품목할인행사!  
 - 안경테  
 - 안경렌즈  
 - 콘택트렌즈  
#URL  

♡♥♡디어비 한달용 컬러렌즈♡♥♡  
신제품 출시기념 1+1이벤트  
#TIME까지!!  
#URL  

◆◇◆하이틴 여주 눈빛완성 컬러렌즈 31종◆◇◆  
◆◇◆5천원◆◇◆  
#TIME까지!!!  
#URL 무료수신거부#PHONE",credit,0,2/5,0.0
"< #TIME 정기 채무자신고 안내 > 

귀하는 #TIME 기준 채무자신고 미이행자입니다. 취업 후 상환 학자금대출잔액 보유자라면 취업 후 학자금 상환 특별법 제15조에 따라 매년 #TIME에 1번 반드시 채무자신고를 하셔야 합니다. 신고기간 내 채무자신고를 완료해주시기 바랍니다. 

1.신고대상: 취업후 상환 학자금대출 잔액보유자로 본 문자 또는 메일 수신자(추출시점:#TIME)
2.신고기간: #TIME, 24시간(주말 및 공휴일 포함)
3.신고내용: 본인(및 배우자)의 #ADDRESS, 최신연락처, 직장정보 신고 및 대출원리금 잔액 확인
4.신고방법: PC 및 앱을 통해 회원로그인 후 전자 신고
(1_(PC) 한국장학재단(#URL) > 학자금대출 > 학자금뱅킹 > 학자금상환지원 > 채무자신고 > 신고
(2_앱) 한국장학재단 앱 > 학자금대출 > 채무자 신고하기
  - #URL
5.문의처: #PHONE 또는 재단 홈페이지>고객센터>온라인고객상담

※ 본 문자는 문자통지 예외자와 상관없이 발송되는 문자입니다.
※ 채무자신고를 하지 않거나 거짓으로 한 경우 취업 후 학자금 상환 특별법 제44조에 따라 과태료가 부과될 수 있습니다.
※ 본 ‘채무자신고’는 ‘채무자정보최신화 캠페인’과 별개입니다.",credit,0,2/5,0.0
[Web발신] [호평체육문화센터 프로그램 만족도 설문조사] 호평체육문화센터에서 보다 좋은 서비스를 제공하기 위해 프로그램 만족도 조사를 실시하오니 많은 참여와 좋은 의견 부탁드립니다. - 조사기간: #TIME - 설문조사 참여 바로가기 #URL - 감사합니다.,credit,0,2/5,0.0
"[Web발신]  
[KT알림]  
고객님께서 불법 지원금, 고가요금제 강요 등의 위법행위를 경험하셨다면’단말기유통법 위반행위 신고센터’(#URL, #PHONE)에 신고하실 수 있으며 위법행위에 대한 사실 증빙이 가능할 경우 포상신고를 통해서 포상금을 지급 받으실 수 있습니다.  
아울러, 위법행위에 신고 시 불이익이 발생할 수 있다는 내용의 확약서는 원천무효임을 알려드리니 유의하시기 바랍니다.  

[Hi Five, 5G 선도기업 KT]",credit,0,2/5,0.0
[Web발신] LG U+기사입니다. AS요청건으로 연락드렸으나 부재셔서 문자드립니다. 연락부탁드립니다.,credit,0,2/5,0.0
"개인정보 수집 및 이용내역 안내 ‘하이패스 단말기 개인정보’

항상 한국도로공사를 이용해주시는 고객님께 감사드립니다.
개인정보보호법 제39조의8(개인정보 이용내역의 통지)에 의거하여 발송하는 것으로 메일 혹은 문자 수신에 동의하지 않은 고객님들께도 발송됩니다.

자세한 내용은 아래의 링크에서 확인하실 수 있습니다.

#URL",credit,0,2/5,0.0
[라이프썸] 주문하신 상품의 배송안내입니다 □주문번호 : #TRACKING □송장번호 : 로젠택배/#TRACKING ▷[라이프썸] 바로가기 : #URL,credit,0,2/5,0.0
"[떠리몰] #NAME의 주문이 결제완료 되었습니다 □주문번호 : #TRACKING □결제금액 : 9,900원 이용해주셔서 감사합니다 ▷[떠리몰] 바로가기 : #URL □기존 떠리몰 고객전화상담서비스가 종료됨에 따라, 이후 떠리몰 1:1게시판에 문의주시면 보다 정확하고 신속한 서비스로 고객님들에게 빠른 답변 드리도록 하겠습니다. 감사합니다.",credit,0,2/5,0.0
"[세탁 완료 안내]

안녕하세요.
고객님께서 맡기신 소중한
세탁물의 세탁이 완료되었습니다.
수령 부탁드립니다.

※ 영업시간
평   일 : 09:30~20:00
토요일 : 09:30~18:00

가맹점 : 코인워시 상계7단지점
문의 : 02-939-2202",credit,0,2/5,0.0
"[Duckzill] #NAME님의 주문이 결제완료 되었습니다. □주문번호 : #TRACKING □결제금액 : 17,000원 이용해주셔서 감사합니다. ▷[Duckzill] 바로가기 : #URL",credit,0,2/5,0.0
"[현대Hmall] 주문 완료  
안녕하세요 고객님, 주문이 완료되었습니다. 고객님의 소중한 상품 정성스레 준비해서 보내드리겠습니다.  
▶ 주문일자 : #TIME  
▶ 상품명 : [공차] 제주그린밀크티+펄 J  
▶ 결제금액 : 4,895원 (#CARD, 일시불)  
▶ 배송지 : #ADDRESS",credit,0,2/5,0.0
"[SK텔레콤] 클라우드베리 서비스가 종료됩니다.  
[Web발신]  
[SKT] 클라우드베리 서비스 종료 안내  
고객님, 안녕하세요. #TIME부로 클라우드베리 서비스가 종료될 예정입니다. 고객님께서 데이터를 쉽고 안전하게 옮기실 수 있도록 서비스 종료일까지 최선을 다하겠습니다. 너른 양해 부탁드립니다.  

■ 클라우드베리 서비스 종료 일정  
① #TIME: 신규가입 중단  
② #TIME: 유료 서비스 중단(월 결제 상품 구매 및 정기 결제 종료)  
③ #TIME: 데이터 백업 이외의 모든 서비스 중단(업로드, 폰데이터 백업 등)  
④ #TIME: 서비스 완전 종료  

■ 데이터 백업 기간  
- #TIME 밤 12시까지  
※ 기간 안에 데이터를 백업하지 않으시면 데이터가 모두 삭제됩니다. 기간 안에 백업해 주세요.  

■ 데이터 백업 방법  
- 클라우드베리 앱에서 백업  
- 클라우드베리 PC 웹(#URL)에서 백업  
※ 윈도우 PC 전용 파일 백업 프로그램 제공 예정이며, 제공 일정이 확정되면 별도로 안내해 드리겠습니다.  

■ 서비스 종료 관련 문의  
- 클라우드베리 앱: 더보기 > 문의하기  
- 전화: SKT 고객센터(#PHONE), SKT 플랫폼 고객센터(#PHONE, 유료)  

■ 종료 안내 자세히 보기: #URL  

※ 이 메시지는 #TIME 기준, 클라우드베리 서비스를 이용 중인 고객님께 발송되었습니다.  

SKT와 함께해주셔서 감사합니다.",credit,0,2/5,0.0
"[Web발신]  
[11번가] 공동구매 신청이 완료 되었습니다.  

신청하신 상품은 공동구매 수량 도달 시, #TIME에 자동 결제 될 예정 입니다.  

신청 수량에 따라 가격이 달라지거나, 공동구매가 실패할 수 있습니다.  

확정된 결제정보는 결제일 이전에 다시 한 번 알려드릴게요!  

▷상품명 : [공동구매] 크리넥스 울트라클린 27M 30롤X2팩  

▷자동결제 금액 : 19,900원~  

▷자동결제 예정일 : #TIME  

#URL",credit,0,2/5,0.0
"[Web발신]  
[SKT] 휴대폰 결제가 실패되었습니다.  

- 요청 일시 : #TIME  
- 요청 사이트 : 네이버페이[#PHONE]  
- 요청 금액 : 8800  
- 결제 대행사 : 모빌리언스[#PHONE]  
- 실패 사유 : [이번 달 이용한도 초과]  

※ 이용금액을 선결제하면, 즉시 이용한도가 복원됩니다.  

▶ 이용한도 변경 바로가기 : #URL  

▶ 선결제 바로가기 : #URL  

♣ [이번 달] 이용 내역 안내  
- 사용가능 금액 [100,000] 원  
- 누적사용 금액 [211,255] 원  
- 잔여 사용가능 금액 [0] 원  

※ 온라인 쇼핑몰에서 일부 금액만 취소하는 경우, 일시적인 한도 초과로 결제가 실패될 수 있습니다. 이 경우 해당 사이트 또는 결제 대행사로 문의해주시기 바랍니다.  
※ 다회선 이용고객의 경우 [잔여 사용가능 금액]이 다를 수 있습니다.",credit,0,2/5,0.0
"[SK텔레콤] 토스뱅크 휴대폰 요금 자동납부 프로모션을 안내드립니다.  
[Web발신]  
(광고)[SKT] 토스뱅크로 휴대폰 요금 납부 시 최대 3,000원 지급 이벤트 안내  

고객님, 안녕하세요.  
토스뱅크에서 SK텔레콤 휴대폰 요금 자동납부를 신청하시면 최대 3,000원을 드립니다.  
아래 #URL을 통해 통신요금을 납부한 모든 고객님께 100% 지급되니 지금 참여해 보세요.  

▶ 토스뱅크 자동납부 바로 가기: #URL  
* 단, 토스뱅크 계좌가 없을 경우 토스뱅크 홈 화면으로 이동합니다.  

■ 토스뱅크 휴대폰 요금 자동납부 이벤트  
- 기간: #TIME  
- 대상: 토스뱅크로 SK텔레콤 휴대폰 요금 자동납부를 신청하신 고객님  
- 혜택: SK텔레콤 휴대폰 요금 납부일에 1천 원씩 최대 3개월간 총 3천 원 지급  

※ 토스뱅크 자동납부 서비스에 가입하기 전에 약관을 꼭 읽어 보세요.  
- 심의필 번호: 토스뱅크 준법감시인 심의필 제2022678호(#TIME)  

■ 문의  
- 이벤트 문의: 토스뱅크 고객센터(#PHONE, 24시간 연중무휴)  
- 기타 문의: SKT 고객센터(#PHONE, 무료)  

SKT와 함께해 주셔서 감사합니다.  

무료 수신거부 1504",credit,0,2/5,0.0
